// Generated by scripts/gen_aircraft_icon.py -- do not edit.
#include "ui/aircraft_icon_data.h"

namespace data::aircraft_icon {

const uint8_t kIcon[] = {
    0x00, 0x00, 0x00, 0x00, 0x04, 0x00, 0x00, 0x00, 0x00, 0x00, 0x00, 0x00, 0x00, 0x00, 0x18, 0x00,
    0x00, 0x00, 0x00, 0x00, 0x00, 0x00, 0x00, 0x00, 0x1B, 0x00, 0x00, 0x00, 0x00, 0x00, 0x00, 0x00,
    0x00, 0x00, 0x2E, 0x10, 0x00, 0x00, 0x00, 0x00, 0x00, 0x00, 0x00, 0x00, 0x4F, 0x20, 0x00, 0x00,
    0x00, 0x00, 0x00, 0x00, 0x00, 0x00, 0x5F, 0x30, 0x00, 0x00, 0x00, 0x00, 0x00, 0x00, 0x00, 0x00,
    0xAF, 0x80, 0x00, 0x00, 0x00, 0x00, 0x00, 0x00, 0x00, 0x3C, 0xFF, 0xFB, 0x20, 0x00, 0x00, 0x00,
    0x00, 0x00, 0x07, 0xEF, 0xFF, 0xFF, 0xE5, 0x00, 0x00, 0x00, 0x00, 0x01, 0xBF, 0xFF, 0xFF, 0xFF,
    0xFF, 0xA1, 0x00, 0x00, 0x00, 0x1C, 0xFF, 0xFA, 0xCF, 0xCB, 0xFF, 0xFB, 0x10, 0x00, 0x02, 0xCF,
    0xFB, 0x40, 0xAF, 0x80, 0x5C, 0xFF, 0xC1, 0x00, 0x3E, 0xFC, 0x50, 0x00, 0x9F, 0x70, 0x00, 0x6D,
    0xFD, 0x20, 0xFD, 0x60, 0x00, 0x00, 0x9F, 0x70, 0x00, 0x01, 0x6E, 0xF0, 0x61, 0x00, 0x00, 0x00,
    0x9F, 0x70, 0x00, 0x00, 0x01, 0x60, 0x00, 0x00, 0x00, 0x05, 0xEF, 0xD4, 0x00, 0x00, 0x00, 0x00,
    0x00, 0x00, 0x01, 0xAF, 0xFF, 0xFF, 0x91, 0x00, 0x00, 0x00, 0x00, 0x00, 0x3E, 0xD6, 0x3B, 0x27,
    0xED, 0x20, 0x00, 0x00, 0x00, 0x00, 0x25, 0x00, 0x06, 0x00, 0x05, 0x10, 0x00, 0x00, 0x00, 0x00,
    0x00, 0x00, 0x01, 0x30, 0x00, 0x00, 0x00, 0x00, 0x00, 0x00, 0x00, 0x00, 0x03, 0x60, 0x00, 0x00,
    0x00, 0x00, 0x00, 0x00, 0x00, 0x00, 0x07, 0x80, 0x00, 0x00, 0x00, 0x00, 0x00, 0x00, 0x00, 0x00,
    0x0A, 0x90, 0x00, 0x00, 0x00, 0x00, 0x00, 0x00, 0x00, 0x00, 0x0D, 0x90, 0x00, 0x00, 0x00, 0x00,
    0x00, 0x00, 0x00, 0x00, 0x1F, 0x90, 0x00, 0x00, 0x00, 0x00, 0x00, 0x00, 0x00, 0x00, 0x8F, 0xB0,
    0x00, 0x00, 0x00, 0x00, 0x00, 0x00, 0x00, 0x5C, 0xFF, 0xFA, 0x10, 0x00, 0x00, 0x00, 0x00, 0x00,
    0x3B, 0xFF, 0xFF, 0xFF, 0xC2, 0x00, 0x00, 0x00, 0x00, 0x07, 0xFF, 0xFF, 0xFF, 0xFF, 0xFE, 0x40,
    0x00, 0x00, 0x01, 0x9F, 0xFF, 0xD7, 0xDF, 0xCD, 0xFF, 0xF4, 0x00, 0x00, 0x3C, 0xFF, 0xB5, 0x10,
    0xCF, 0x51, 0xAF, 0xFE, 0x40, 0x00, 0xFF, 0x93, 0x00, 0x00, 0xDF, 0x40, 0x05, 0xDF, 0xE2, 0x00,
    0x71, 0x00, 0x00, 0x01, 0xEF, 0x30, 0x00, 0x19, 0xFD, 0x20, 0x00, 0x00, 0x00, 0x01, 0xFF, 0x10,
    0x00, 0x00, 0x4E, 0x90, 0x00, 0x00, 0x00, 0x4C, 0xFF, 0x70, 0x00, 0x00, 0x01, 0x20, 0x00, 0x00,
    0x4C, 0xFF, 0xEF, 0xFA, 0x00, 0x00, 0x00, 0x00, 0x00, 0x01, 0xCB, 0x51, 0xA5, 0x7E, 0xD2, 0x00,
    0x00, 0x00, 0x00, 0x00, 0x00, 0x00, 0x51, 0x01, 0x94, 0x00, 0x00, 0x00, 0x00, 0x00, 0x00, 0x00,
    0x00, 0x22, 0x00, 0x00, 0x00, 0x00, 0x00, 0x00, 0x00, 0x00, 0x00, 0x63, 0x00, 0x00, 0x00, 0x00,
    0x00, 0x00, 0x00, 0x00, 0x00, 0xB2, 0x00, 0x00, 0x00, 0x00, 0x00, 0x00, 0x00, 0x00, 0x02, 0xE1,
    0x00, 0x00, 0x00, 0x00, 0x00, 0x00, 0x00, 0x00, 0x06, 0xF1, 0x00, 0x00, 0x00, 0x00, 0x00, 0x00,
    0x00, 0x00, 0x0B, 0xE0, 0x00, 0x00, 0x00, 0x00, 0x00, 0x00, 0x00, 0x01, 0x6F, 0xE0, 0x00, 0x00,
    0x00, 0x00, 0x00, 0x00, 0x01, 0x7D, 0xFF, 0xFA, 0x00, 0x00, 0x00, 0x00, 0x00, 0x01, 0x8E, 0xFF,
    0xFF, 0xFF, 0xA0, 0x00, 0x00, 0x00, 0x00, 0x5D, 0xFF, 0xFF, 0xFF, 0xFF, 0xFA, 0x00, 0x00, 0x00,
    0x1A, 0xFF, 0xFD, 0x95, 0xEF, 0xCF, 0xFF, 0xA0, 0x00, 0x00, 0xFF, 0xD9, 0x41, 0x00, 0xEF, 0x34,
    0xEF, 0xF8, 0x00, 0x00, 0x94, 0x10, 0x00, 0x03, 0xFE, 0x10, 0x2C, 0xFF, 0x40, 0x00, 0x00, 0x00,
    0x00, 0x05, 0xFC, 0x00, 0x01, 0x9F, 0xE1, 0x00, 0x00, 0x00, 0x00, 0x08, 0xF9, 0x00, 0x00, 0x06,
    0xFC, 0x10, 0x00, 0x00, 0x05, 0xCF, 0xFC, 0x10, 0x00, 0x00, 0x4C, 0x10, 0x00, 0x06, 0xEF, 0xDC,
    0xFF, 0xC1, 0x00, 0x00, 0x00, 0x00, 0x00, 0x05, 0x62, 0x06, 0x84, 0xED, 0x20, 0x00, 0x00, 0x00,
    0x00, 0x00, 0x00, 0x04, 0x20, 0x1B, 0x90, 0x00, 0x00, 0x00, 0x00, 0x00, 0x00, 0x00, 0x00, 0x02,
    0x10, 0x00, 0x00, 0x00, 0x00, 0x00, 0x00, 0x00, 0x00, 0x07, 0x10, 0x00, 0x00, 0x00, 0x00, 0x00,
    0x00, 0x00, 0x00, 0x3A, 0x00, 0x00, 0x00, 0x00, 0x00, 0x00, 0x00, 0x00, 0x00, 0x9A, 0x00, 0x00,
    0x00, 0x00, 0x00, 0x00, 0x00, 0x00, 0x00, 0xE7, 0x00, 0x00, 0x00, 0x00, 0x00, 0x00, 0x00, 0x00,
    0x05, 0xF5, 0x00, 0x00, 0x00, 0x00, 0x00, 0x00, 0x00, 0x02, 0x6D, 0xF3, 0x00, 0x00, 0x00, 0x00,
    0x00, 0x00, 0x15, 0xAE, 0xFF, 0xFA, 0x00, 0x00, 0x00, 0x00, 0x00, 0x17, 0xDF, 0xFF, 0xFF, 0xFF,
    0x80, 0x00, 0x00, 0x00, 0x05, 0xDF, 0xFF, 0xFF, 0xFF, 0xFF, 0xF6, 0x00, 0x00, 0x00, 0xDF, 0xFE,
    0xC8, 0x54, 0xEF, 0xDF, 0xFF, 0x40, 0x00, 0x00, 0xB7, 0x41, 0x00, 0x03, 0xFE, 0x29, 0xFF, 0xE1,
    0x00, 0x00, 0x00, 0x00, 0x01, 0x07, 0xFB, 0x00, 0x8F, 0xFA, 0x00, 0x00, 0x00, 0x00, 0x00, 0x0B,
    0xF7, 0x00, 0x07, 0xFF, 0x40, 0x00, 0x00, 0x00, 0x00, 0x4E, 0xF3, 0x00, 0x00, 0x6F, 0xC1, 0x00,
    0x00, 0x14, 0x9E, 0xFF, 0xF5, 0x00, 0x00, 0x05, 0xF7, 0x00, 0x00, 0x3E, 0xDA, 0x9E, 0xEF, 0x40,
    0x00, 0x00, 0x65, 0x00, 0x00, 0x00, 0x00, 0x29, 0x3C, 0xE3, 0x00, 0x00, 0x00, 0x00, 0x00, 0x00,
    0x00, 0x22, 0x00, 0xBC, 0x00, 0x00, 0x00, 0x00, 0x00, 0x00, 0x00, 0x00, 0x00, 0x00, 0x10, 0x00,
    0x00, 0x00, 0x00, 0x00, 0x00, 0x00, 0x00, 0x01, 0x60, 0x00, 0x00, 0x00, 0x00, 0x00, 0x00, 0x00,
    0x00, 0x07, 0x60, 0x00, 0x00, 0x00, 0x00, 0x00, 0x00, 0x00, 0x00, 0x1D, 0x30, 0x00, 0x00, 0x00,
    0x00, 0x00, 0x00, 0x00, 0x00, 0x7E, 0x00, 0x00, 0x00, 0x00, 0x00, 0x00, 0x00, 0x00, 0x01, 0xEB,
    0x00, 0x00, 0x00, 0x00, 0x00, 0x00, 0x00, 0x03, 0x6B, 0xF7, 0x00, 0x00, 0x00, 0x00, 0x00, 0x01,
    0x59, 0xCF, 0xFF, 0xFA, 0x00, 0x00, 0x00, 0x00, 0x02, 0x7D, 0xFF, 0xFF, 0xFF, 0xFF, 0x70, 0x00,
    0x00, 0x00, 0xAF, 0xFF, 0xFF, 0xED, 0xFF, 0xFF, 0xF3, 0x00, 0x00, 0x00, 0xEB, 0x97, 0x53, 0x23,
    0xFF, 0xEF, 0xFC, 0x10, 0x00, 0x00, 0x00, 0x00, 0x00, 0x06, 0xFD, 0x3D, 0xFF, 0x80, 0x00, 0x00,
    0x00, 0x00, 0x00, 0x0B, 0xF7, 0x02, 0xEF, 0xE2, 0x00, 0x00, 0x00, 0x00, 0x00, 0x2F, 0xF2, 0x00,
    0x3E, 0xF9, 0x00, 0x00, 0x00, 0x00, 0x26, 0xBF, 0xA0, 0x00, 0x04, 0xFE, 0x20, 0x00, 0x00, 0x9E,
    0xFF, 0xFF, 0xC0, 0x00, 0x00, 0x5F, 0x90, 0x00, 0x00, 0x56, 0x54, 0xBD, 0xF8, 0x00, 0x00, 0x07,
    0xE1, 0x00, 0x00, 0x00, 0x00, 0x91, 0x8F, 0x50, 0x00, 0x00, 0x30, 0x00, 0x00, 0x00, 0x01, 0x10,
    0x08, 0xE1, 0x00, 0x00, 0x00, 0x00, 0x00, 0x00, 0x00, 0x00, 0x00, 0x00, 0x00, 0x00, 0x00, 0x00,
    0x00, 0x00, 0x00, 0x00, 0x00, 0x00, 0x24, 0x00, 0x00, 0x00, 0x00, 0x00, 0x00, 0x00, 0x00, 0x00,
    0x92, 0x00, 0x00, 0x00, 0x00, 0x00, 0x00, 0x00, 0x00, 0x06, 0xC0, 0x00, 0x00, 0x00, 0x00, 0x00,
    0x00, 0x00, 0x00, 0x1E, 0x60, 0x00, 0x00, 0x00, 0x00, 0x00, 0x00, 0x00, 0x00, 0x9F, 0x20, 0x00,
    0x00, 0x00, 0x00, 0x00, 0x00, 0x24, 0x69, 0xFB, 0x00, 0x00, 0x00, 0x00, 0x00, 0x26, 0xBD, 0xEF,
    0xFF, 0xFB, 0x00, 0x00, 0x00, 0x00, 0x7B, 0xEF, 0xFF, 0xFF, 0xFF, 0xFF, 0x60, 0x00, 0x00, 0x00,
    0xFF, 0xED, 0xDC, 0xCB, 0xFF, 0xFF, 0xD1, 0x00, 0x00, 0x00, 0x21, 0x11, 0x00, 0x04, 0xFF, 0xFF,
    0xF8, 0x00, 0x00, 0x00, 0x00, 0x00, 0x00, 0x0A, 0xFB, 0x4F, 0xFF, 0x20, 0x00, 0x00, 0x00, 0x00,
    0x00, 0x2F, 0xF3, 0x07, 0xFF, 0x90, 0x00, 0x00, 0x00, 0x00, 0x00, 0x9F, 0xB0, 0x00, 0xBF, 0xE1,
    0x00, 0x00, 0x02, 0x68, 0xBC, 0xFF, 0x40, 0x00, 0x1D, 0xF6, 0x00, 0x00, 0x04, 0xCD, 0xEE, 0xFF,
    0x50, 0x00, 0x04, 0xFC, 0x00, 0x00, 0x00, 0x00, 0x06, 0xCD, 0xE1, 0x00, 0x00, 0x7F, 0x40, 0x00,
    0x00, 0x00, 0x06, 0x23, 0xF9, 0x00, 0x00, 0x09, 0x40, 0x00, 0x00, 0x00, 0x00, 0x00, 0x5F, 0x30,
    0x00, 0x00, 0x00, 0x00, 0x00, 0x00, 0x00, 0x00, 0x00, 0x00, 0x00, 0x00, 0x00, 0x00, 0x00, 0x00,
    0x00, 0x00, 0x00, 0x00, 0x02, 0x20, 0x00, 0x00, 0x00, 0x00, 0x00, 0x00, 0x00, 0x00, 0x19, 0x10,
    0x00, 0x00, 0x00, 0x00, 0x00, 0x00, 0x00, 0x00, 0xA6, 0x00, 0x00, 0x00, 0x00, 0x00, 0x00, 0x00,
    0x00, 0x07, 0xE1, 0x00, 0x00, 0x00, 0x00, 0x00, 0x00, 0x00, 0x00, 0x3F, 0x80, 0x00, 0x00, 0x00,
    0x00, 0x00, 0x24, 0x56, 0x78, 0xEE, 0x20, 0x00, 0x00, 0x00, 0x36, 0x9C, 0xFF, 0xFF, 0xFF, 0xFD,
    0x00, 0x00, 0x00, 0x00, 0xFF, 0xFF, 0xFF, 0xFF, 0xFF, 0xFF, 0x50, 0x00, 0x00, 0x00, 0x55, 0x66,
    0x77, 0x89, 0xFF, 0xFF, 0xC0, 0x00, 0x00, 0x00, 0x00, 0x00, 0x00, 0x06, 0xFF, 0xFF, 0xF4, 0x00,
    0x00, 0x00, 0x00, 0x00, 0x00, 0x1D, 0xF8, 0x7F, 0xFB, 0x00, 0x00, 0x00, 0x00, 0x00, 0x00, 0x8F,
    0xD0, 0x0C, 0xFF, 0x30, 0x00, 0x00, 0x01, 0x12, 0x25, 0xEF, 0x50, 0x03, 0xFF, 0x70, 0x00, 0x00,
    0x0A, 0xFF, 0xFF, 0xFB, 0x00, 0x00, 0x9F, 0xC0, 0x00, 0x00, 0x02, 0x45, 0x7E, 0xFC, 0x10, 0x00,
    0x1E, 0xF2, 0x00, 0x00, 0x00, 0x00, 0x1B, 0x8F, 0x60, 0x00, 0x05, 0xF6, 0x00, 0x00, 0x00, 0x00,
    0x32, 0x0B, 0xE0, 0x00, 0x00, 0xCB, 0x00, 0x00, 0x00, 0x00, 0x00, 0x01, 0xE6, 0x00, 0x00, 0x22,
    0x00, 0x00, 0x00, 0x00, 0x00, 0x00, 0x00, 0x00, 0x00, 0x00, 0x00, 0x00, 0x00, 0x00, 0x00, 0x00,
    0x00, 0x00, 0x00, 0x10, 0x00, 0x00, 0x00, 0x00, 0x00, 0x00, 0x00, 0x00, 0x02, 0x60, 0x00, 0x00,
    0x00, 0x00, 0x00, 0x00, 0x00, 0x00, 0x1C, 0x20, 0x00, 0x00, 0x00, 0x00, 0x00, 0x00, 0x00, 0x00,
    0xC9, 0x00, 0x00, 0x00, 0x00, 0x00, 0x00, 0x00, 0x00, 0x0B, 0xF1, 0x00, 0x00, 0x00, 0x02, 0x35,
    0x89, 0x88, 0x98, 0xBF, 0x70, 0x00, 0x00, 0x00, 0xEF, 0xFF, 0xFF, 0xFF, 0xFF, 0xFE, 0x10, 0x00,
    0x00, 0x00, 0x8A, 0xBD, 0xEF, 0xFF, 0xFF, 0xFF, 0x50, 0x00, 0x00, 0x00, 0x00, 0x00, 0x13, 0x47,
    0xFF, 0xFF, 0xA0, 0x00, 0x00, 0x00, 0x00, 0x00, 0x00, 0x09, 0xFF, 0xFF, 0xE1, 0x00, 0x00, 0x00,
    0x00, 0x00, 0x00, 0x4F, 0xF6, 0xAF, 0xF6, 0x00, 0x00, 0x00, 0x00, 0x00, 0x01, 0xDF, 0x90, 0x3F,
    0xFC, 0x00, 0x00, 0x00, 0x3B, 0xAA, 0x9C, 0xFD, 0x10, 0x0A, 0xFE, 0x10, 0x00, 0x00, 0x28, 0xBE,
    0xFF, 0xF4, 0x00, 0x03, 0xFF, 0x40, 0x00, 0x00, 0x00, 0x00, 0x8F, 0xF6, 0x00, 0x00, 0xAF, 0x70,
    0x00, 0x00, 0x00, 0x00, 0x94, 0xDD, 0x00, 0x00, 0x2F, 0xA0, 0x00, 0x00, 0x00, 0x01, 0x10, 0x4F,
    0x40, 0x00, 0x0A, 0xF0, 0x00, 0x00, 0x00, 0x00, 0x00, 0x0A, 0xA0, 0x00, 0x03, 0xA0, 0x00, 0x00,
    0x00, 0x00, 0x00, 0x00, 0x00, 0x00, 0x00, 0x00, 0x00, 0x00, 0x00, 0x00, 0x00, 0x00, 0x00, 0x00,
    0x00, 0x00, 0x00, 0x00, 0x00, 0x00, 0x00, 0x00, 0x00, 0x00, 0x00, 0x23, 0x00, 0x00, 0x00, 0x00,
    0x00, 0x00, 0x00, 0x00, 0x03, 0xA1, 0x00, 0x00, 0x00, 0x00, 0x00, 0x00, 0x00, 0x00, 0x3E, 0x40,
    0x00, 0x00, 0x00, 0x00, 0x01, 0x00, 0x00, 0x04, 0xF9, 0x00, 0x00, 0x00, 0xBC, 0xBC, 0xDD, 0xCB,
    0xA8, 0x8F, 0xD0, 0x00, 0x00, 0x00, 0xCE, 0xFF, 0xFF, 0xFF, 0xFF, 0xFF, 0x50, 0x00, 0x00, 0x00,
    0x00, 0x35, 0x9B, 0xEF, 0xFF, 0xFF, 0x40, 0x00, 0x00, 0x00, 0x00, 0x00, 0x00, 0x16, 0xFF, 0xFF,
    0x90, 0x00, 0x00, 0x00, 0x00, 0x00, 0x00, 0x0C, 0xFF, 0xFF, 0xD0, 0x00, 0x00, 0x00, 0x00, 0x00,
    0x00, 0x9F, 0xE5, 0xCF, 0xF2, 0x00, 0x00, 0x00, 0x46, 0x32, 0x17, 0xFF, 0x50, 0x8F, 0xF6, 0x00,
    0x00, 0x00, 0x7E, 0xFF, 0xEF, 0xF7, 0x00, 0x2E, 0xF9, 0x00, 0x00, 0x00, 0x00, 0x37, 0xEF, 0xC0,
    0x00, 0x0A, 0xFB, 0x00, 0x00, 0x00, 0x00, 0x02, 0xCD, 0xE1, 0x00, 0x04, 0xFD, 0x00, 0x00, 0x00,
    0x00, 0x05, 0x14, 0xF4, 0x00, 0x00, 0xDE, 0x10, 0x00, 0x00, 0x00, 0x00, 0x00, 0xDA, 0x00, 0x00,
    0x7F, 0x20, 0x00, 0x00, 0x00, 0x00, 0x00, 0x5D, 0x00, 0x00, 0x2E, 0x30, 0x00, 0x00, 0x00, 0x00,
    0x00, 0x00, 0x00, 0x00, 0x00, 0x00, 0x00, 0x00, 0x00, 0x00, 0x00, 0x00, 0x00, 0x00, 0x00, 0x00,
    0x00, 0x00, 0x00, 0x00, 0x00, 0x00, 0x00, 0x00, 0x00, 0x01, 0x10, 0x00, 0x00, 0x00, 0x00, 0x00,
    0x00, 0x00, 0x00, 0x37, 0x10, 0x00, 0x00, 0x00, 0x00, 0x00, 0x00, 0x00, 0x06, 0xC2, 0x00, 0x00,
    0x76, 0x65, 0x55, 0x31, 0x00, 0x00, 0x8F, 0x30, 0x00, 0x00, 0xEF, 0xFF, 0xFF, 0xFE, 0xC9, 0x6B,
    0xF6, 0x00, 0x00, 0x00, 0x03, 0x7B, 0xFF, 0xFF, 0xFF, 0xFF, 0x90, 0x00, 0x00, 0x00, 0x00, 0x00,
    0x26, 0xBD, 0xFF, 0xFF, 0x50, 0x00, 0x00, 0x00, 0x00, 0x00, 0x00, 0x06, 0xFF, 0xFF, 0x80, 0x00,
    0x00, 0x00, 0x00, 0x00, 0x00, 0x3E, 0xFF, 0xFF, 0xB0, 0x00, 0x00, 0x00, 0x31, 0x00, 0x03, 0xEF,
    0xC5, 0xEF, 0xD0, 0x00, 0x00, 0x00, 0xCF, 0xC9, 0x7E, 0xFC, 0x10, 0xCF, 0xE2, 0x00, 0x00, 0x00,
    0x15, 0xBF, 0xFF, 0xC1, 0x00, 0x7F, 0xF4, 0x00, 0x00, 0x00, 0x00, 0x07, 0xFF, 0x50, 0x00, 0x3F,
    0xF4, 0x00, 0x00, 0x00, 0x00, 0x29, 0x6F, 0x80, 0x00, 0x0C, 0xF5, 0x00, 0x00, 0x00, 0x00, 0x10,
    0x0C, 0xB0, 0x00, 0x08, 0xF5, 0x00, 0x00, 0x00, 0x00, 0x00, 0x06, 0xF1, 0x00, 0x04, 0xF6, 0x00,
    0x00, 0x00, 0x00, 0x00, 0x01, 0xB2, 0x00, 0x00, 0xE7, 0x00, 0x00, 0x00, 0x00, 0x00, 0x00, 0x00,
    0x00, 0x00, 0x00, 0x00, 0x00, 0x00, 0x00, 0x00, 0x00, 0x00, 0x00, 0x00, 0x00, 0x00, 0x00, 0x00,
    0x00, 0x00, 0x00, 0x00, 0x00, 0x00, 0x00, 0x00, 0x00, 0x00, 0x00, 0x00, 0x00, 0x00, 0x00, 0x00,
    0x00, 0x02, 0x30, 0x00, 0x32, 0x10, 0x00, 0x00, 0x00, 0x00, 0x00, 0x6A, 0x10, 0x00, 0xEF, 0xFD,
    0xBB, 0x73, 0x10, 0x00, 0x2B, 0xD1, 0x00, 0x00, 0x16, 0xCF, 0xFF, 0xFF, 0xDA, 0x67, 0xEE, 0x10,
    0x00, 0x00, 0x00, 0x03, 0x9E, 0xFF, 0xFF, 0xFF, 0xE2, 0x00, 0x00, 0x00, 0x00, 0x00, 0x01, 0x7B,
    0xFF, 0xFF, 0x60, 0x00, 0x00, 0x00, 0x00, 0x00, 0x00, 0x07, 0xFF, 0xFF, 0x70, 0x00, 0x00, 0x00,
    0x00, 0x00, 0x00, 0x7F, 0xFF, 0xFF, 0x90, 0x00, 0x00, 0x00, 0xDA, 0x52, 0x09, 0xFF, 0xA6, 0xFF,
    0xA0, 0x00, 0x00, 0x00, 0x5C, 0xFE, 0xDF, 0xF7, 0x01, 0xEF, 0xB0, 0x00, 0x00, 0x00, 0x00, 0x4D,
    0xFE, 0x50, 0x00, 0xCF, 0xD0, 0x00, 0x00, 0x00, 0x00, 0x3C, 0xED, 0x00, 0x00, 0x9F, 0xC0, 0x00,
    0x00, 0x00, 0x00, 0x51, 0x8F, 0x10, 0x00, 0x6F, 0xC0, 0x00, 0x00, 0x00, 0x00, 0x00, 0x4F, 0x30,
    0x00, 0x3F, 0xB0, 0x00, 0x00, 0x00, 0x00, 0x00, 0x0E, 0x50, 0x00, 0x1F, 0xA0, 0x00, 0x00, 0x00,
    0x00, 0x00, 0x06, 0x30, 0x00, 0x0C, 0xA0, 0x00, 0x00, 0x00, 0x00, 0x00, 0x00, 0x00, 0x00, 0x00,
    0x00, 0x00, 0x00, 0x00, 0x00, 0x00, 0x00, 0x00, 0x00, 0x00, 0x00, 0x00, 0x00, 0x00, 0x00, 0x00,
    0x00, 0x00, 0x00, 0x00, 0x00, 0x00, 0x00, 0x00, 0x00, 0x00, 0x00, 0x00, 0x00, 0x00, 0x00, 0x00,
    0x00, 0x00, 0xAE, 0xB7, 0x42, 0x00, 0x00, 0x00, 0x00, 0x04, 0x61, 0x00, 0x39, 0xFF, 0xFF, 0xC7,
    0x20, 0x00, 0x03, 0xBA, 0x10, 0x00, 0x00, 0x29, 0xEF, 0xFF, 0xFB, 0x63, 0x9F, 0xA0, 0x00, 0x00,
    0x00, 0x00, 0x29, 0xFF, 0xFF, 0xFF, 0xF8, 0x00, 0x00, 0x00, 0x00, 0x00, 0x00, 0x39, 0xFF, 0xFF,
    0x90, 0x00, 0x00, 0x00, 0x00, 0x00, 0x00, 0x08, 0xFF, 0xFF, 0x70, 0x00, 0x00, 0x00, 0xB5, 0x00,
    0x02, 0xBF, 0xFF, 0xFF, 0x80, 0x00, 0x00, 0x00, 0xAF, 0xE7, 0x6E, 0xFE, 0x77, 0xFF, 0x70, 0x00,
    0x00, 0x00, 0x03, 0xCF, 0xFF, 0xB3, 0x05, 0xFF, 0x70, 0x00, 0x00, 0x00, 0x00, 0x5F, 0xFA, 0x00,
    0x03, 0xFF, 0x80, 0x00, 0x00, 0x00, 0x02, 0x86, 0xF7, 0x00, 0x02, 0xEF, 0x60, 0x00, 0x00, 0x00,
    0x00, 0x00, 0xE9, 0x00, 0x01, 0xDF, 0x50, 0x00, 0x00, 0x00, 0x00, 0x00, 0xC9, 0x00, 0x00, 0xCF,
    0x30, 0x00, 0x00, 0x00, 0x00, 0x00, 0x9A, 0x00, 0x00, 0xBF, 0x10, 0x00, 0x00, 0x00, 0x00, 0x00,
    0x12, 0x00, 0x00, 0x9E, 0x00, 0x00, 0x00, 0x00, 0x00, 0x00, 0x00, 0x00, 0x00, 0x00, 0x00, 0x00,
    0x00, 0x00, 0x00, 0x00, 0x00, 0x00, 0x00, 0x00, 0x00, 0x00, 0x00, 0x00, 0x00, 0x00, 0x00, 0x00,
    0x00, 0x00, 0x00, 0x00, 0x00, 0x00, 0x3B, 0x73, 0x00, 0x00, 0x00, 0x00, 0x00, 0x00, 0x00, 0x00,
    0x2A, 0xFF, 0xC8, 0x40, 0x00, 0x00, 0x00, 0x00, 0x12, 0x00, 0x00, 0x4D, 0xFF, 0xFC, 0x50, 0x00,
    0x00, 0x28, 0x82, 0x00, 0x00, 0x01, 0x8F, 0xFF, 0xFC, 0x61, 0x4A, 0xE8, 0x00, 0x00, 0x00, 0x00,
    0x03, 0xBF, 0xFF, 0xFE, 0xFF, 0x40, 0x00, 0x00, 0x00, 0x00, 0x00, 0x06, 0xFF, 0xFF, 0xC2, 0x00,
    0x00, 0x00, 0x71, 0x00, 0x00, 0x2A, 0xFF, 0xFF, 0x70, 0x00, 0x00, 0x00, 0xEE, 0x71, 0x17, 0xEF,
    0xFF, 0xFF, 0x60, 0x00, 0x00, 0x00, 0x1A, 0xFD, 0xDF, 0xFC, 0x5A, 0xFF, 0x50, 0x00, 0x00, 0x00,
    0x00, 0x9F, 0xFD, 0x60, 0x09, 0xFF, 0x40, 0x00, 0x00, 0x00, 0x04, 0xBD, 0xF3, 0x00, 0x08, 0xFF,
    0x30, 0x00, 0x00, 0x00, 0x02, 0x18, 0xF1, 0x00, 0x08, 0xFE, 0x10, 0x00, 0x00, 0x00, 0x00, 0x06,
    0xF1, 0x00, 0x07, 0xFC, 0x00, 0x00, 0x00, 0x00, 0x00, 0x05, 0xF0, 0x00, 0x07, 0xF9, 0x00, 0x00,
    0x00, 0x00, 0x00, 0x02, 0x90, 0x00, 0x06, 0xF5, 0x00, 0x00, 0x00, 0x00, 0x00, 0x00, 0x00, 0x00,
    0x06, 0xF2, 0x00, 0x00, 0x00, 0x00, 0x00, 0x00, 0x00, 0x00, 0x00, 0x00, 0x00, 0x00, 0x00, 0x00,
    0x00, 0x00, 0x00, 0x00, 0x00, 0x00, 0x00, 0x00, 0x00, 0x00, 0x04, 0x40, 0x00, 0x00, 0x00, 0x00,
    0x00, 0x00, 0x00, 0x00, 0x09, 0xFD, 0x72, 0x00, 0x00, 0x00, 0x00, 0x00, 0x00, 0x00, 0x00, 0x6F,
    0xFE, 0xA4, 0x00, 0x00, 0x00, 0x00, 0x00, 0x00, 0x00, 0x03, 0xCF, 0xFF, 0x92, 0x00, 0x00, 0x00,
    0x44, 0x00, 0x00, 0x00, 0x1A, 0xFF, 0xFE, 0x70, 0x03, 0x9C, 0x82, 0x00, 0x00, 0x00, 0x00, 0x6E,
    0xFF, 0xFC, 0xDF, 0xD4, 0x00, 0x00, 0x40, 0x00, 0x00, 0x04, 0xEF, 0xFF, 0xF7, 0x00, 0x00, 0x00,
    0xFA, 0x20, 0x00, 0x5C, 0xFF, 0xFF, 0x80, 0x00, 0x00, 0x00, 0x4F, 0xE6, 0x6C, 0xFF, 0xFE, 0xFF,
    0x50, 0x00, 0x00, 0x00, 0x02, 0xDF, 0xFF, 0xE8, 0x3C, 0xFF, 0x30, 0x00, 0x00, 0x00, 0x04, 0xDF,
    0xE7, 0x10, 0x0D, 0xFE, 0x10, 0x00, 0x00, 0x00, 0x15, 0x4E, 0xB0, 0x00, 0x0D, 0xFC, 0x00, 0x00,
    0x00, 0x00, 0x00, 0x0E, 0x90, 0x00, 0x1D, 0xFA, 0x00, 0x00, 0x00, 0x00, 0x00, 0x0E, 0x70, 0x00,
    0x1E, 0xF5, 0x00, 0x00, 0x00, 0x00, 0x00, 0x0D, 0x50, 0x00, 0x2F, 0xE1, 0x00, 0x00, 0x00, 0x00,
    0x00, 0x03, 0x10, 0x00, 0x2F, 0xA0, 0x00, 0x00, 0x00, 0x00, 0x00, 0x00, 0x00, 0x00, 0x2F, 0x50,
    0x00, 0x00, 0x00, 0x00, 0x00, 0x00, 0x00, 0x00, 0x00, 0x00, 0x00, 0x00, 0x00, 0x00, 0x00, 0x10,
    0x00, 0x00, 0x00, 0x00, 0x00, 0x00, 0x00, 0x00, 0x03, 0xEA, 0x30, 0x00, 0x00, 0x00, 0x00, 0x00,
    0x00, 0x00, 0x00, 0x6F, 0xF9, 0x30, 0x00, 0x00, 0x00, 0x00, 0x00, 0x00, 0x00, 0x05, 0xFF, 0xF9,
    0x10, 0x00, 0x00, 0x00, 0x00, 0x00, 0x00, 0x00, 0x3E, 0xFF, 0xD4, 0x00, 0x00, 0x00, 0x00, 0x00,
    0x00, 0x00, 0x03, 0xDF, 0xFF, 0x80, 0x00, 0x15, 0x76, 0x10, 0x20, 0x00, 0x00, 0x2C, 0xFF, 0xFC,
    0x9C, 0xFC, 0x51, 0x00, 0xF6, 0x00, 0x00, 0x03, 0xEF, 0xFF, 0xFD, 0x50, 0x00, 0x00, 0x7F, 0x91,
    0x04, 0x9E, 0xFF, 0xFF, 0xA0, 0x00, 0x00, 0x00, 0x07, 0xFD, 0xCF, 0xFF, 0xEF, 0xFF, 0x50, 0x00,
    0x00, 0x00, 0x02, 0xEF, 0xFE, 0xA5, 0x2D, 0xFE, 0x20, 0x00, 0x00, 0x00, 0x28, 0xAF, 0xA1, 0x00,
    0x2F, 0xFC, 0x00, 0x00, 0x00, 0x00, 0x00, 0x4F, 0x40, 0x10, 0x4F, 0xF8, 0x00, 0x00, 0x00, 0x00,
    0x00, 0x6F, 0x20, 0x00, 0x6F, 0xF4, 0x00, 0x00, 0x00, 0x00, 0x00, 0x7E, 0x00, 0x00, 0x8F, 0xC0,
    0x00, 0x00, 0x00, 0x00, 0x00, 0x57, 0x00, 0x00, 0xAF, 0x70, 0x00, 0x00, 0x00, 0x00, 0x00, 0x00,
    0x00, 0x00, 0xCE, 0x10, 0x00, 0x00, 0x00, 0x00, 0x00, 0x00, 0x00, 0x00, 0xE9, 0x00, 0x00, 0x00,
    0x00, 0x00, 0x00, 0x00, 0x00, 0x00, 0x00, 0x00, 0x00, 0x00, 0x00, 0x00, 0x00, 0x57, 0x10, 0x00,
    0x00, 0x00, 0x00, 0x00, 0x00, 0x00, 0x00, 0x5F, 0xD5, 0x00, 0x00, 0x00, 0x00, 0x00, 0x00, 0x00,
    0x00, 0x04, 0xFF, 0xA2, 0x00, 0x00, 0x00, 0x00, 0x00, 0x00, 0x00, 0x00, 0x5F, 0xFE, 0x60, 0x00,
    0x00, 0x00, 0x00, 0x00, 0x00, 0x00, 0x06, 0xFF, 0xF7, 0x00, 0x00, 0x00, 0x00, 0x00, 0x00, 0x00,
    0x00, 0x7F, 0xFF, 0xA0, 0x00, 0x00, 0x02, 0x10, 0xD4, 0x00, 0x00, 0x08, 0xFF, 0xFB, 0x57, 0x9B,
    0xA6, 0x20, 0xAF, 0x50, 0x00, 0x03, 0xDF, 0xFF, 0xFF, 0xD7, 0x20, 0x00, 0x0B, 0xF6, 0x59, 0xCF,
    0xFF, 0xFF, 0xC4, 0x00, 0x00, 0x00, 0x02, 0xEF, 0xFF, 0xFF, 0xDF, 0xFF, 0x40, 0x00, 0x00, 0x00,
    0x3A, 0xDF, 0xD9, 0x52, 0x3F, 0xFE, 0x10, 0x00, 0x00, 0x00, 0x11, 0x9F, 0x30, 0x00, 0x6F, 0xF9,
    0x00, 0x00, 0x00, 0x00, 0x00, 0xBD, 0x00, 0x00, 0x9F, 0xF3, 0x00, 0x00, 0x00, 0x00, 0x00, 0xE8,
    0x00, 0x00, 0xCF, 0xD0, 0x00, 0x00, 0x00, 0x00, 0x01, 0xE3, 0x00, 0x02, 0xEF, 0x60, 0x00, 0x00,
    0x00, 0x00, 0x00, 0x20, 0x00, 0x05, 0xFD, 0x00, 0x00, 0x00, 0x00, 0x00, 0x00, 0x00, 0x00, 0x08,
    0xF4, 0x00, 0x00, 0x00, 0x00, 0x00, 0x00, 0x00, 0x00, 0x0C, 0xD0, 0x00, 0x00, 0x00, 0x00, 0x00,
    0x00, 0x02, 0x00, 0x00, 0x00, 0x00, 0x00, 0x00, 0x00, 0x00, 0x00, 0x1C, 0xC2, 0x00, 0x00, 0x00,
    0x00, 0x00, 0x00, 0x00, 0x00, 0x03, 0xFE, 0x50, 0x00, 0x00, 0x00, 0x00, 0x00, 0x00, 0x00, 0x00,
    0x5F, 0xF9, 0x10, 0x00, 0x00, 0x00, 0x00, 0x00, 0x00, 0x00, 0x08, 0xFF, 0xC1, 0x00, 0x00, 0x00,
    0x00, 0x00, 0x00, 0x00, 0x00, 0xBF, 0xFB, 0x10, 0x00, 0x00, 0x00, 0x00, 0xB3, 0x00, 0x00, 0x2E,
    0xFF, 0xB1, 0x00, 0x00, 0x00, 0x00, 0xBE, 0x20, 0x00, 0x03, 0xEF, 0xFB, 0x22, 0x23, 0x44, 0x20,
    0x1E, 0xD2, 0x01, 0x25, 0xDF, 0xFF, 0xFF, 0xFD, 0x95, 0x20, 0x03, 0xFD, 0xBD, 0xFF, 0xFF, 0xFF,
    0xE9, 0x41, 0x00, 0x00, 0x39, 0xEF, 0xFF, 0xED, 0xCF, 0xFF, 0x50, 0x00, 0x00, 0x00, 0x35, 0xCF,
    0x63, 0x20, 0x5F, 0xFD, 0x00, 0x00, 0x00, 0x00, 0x00, 0xEB, 0x00, 0x00, 0xAF, 0xF6, 0x00, 0x00,
    0x00, 0x00, 0x03, 0xF4, 0x00, 0x01, 0xEF, 0xD1, 0x00, 0x00, 0x00, 0x00, 0x07, 0xE0, 0x00, 0x05,
    0xFF, 0x70, 0x00, 0x00, 0x00, 0x00, 0x04, 0x40, 0x00, 0x09, 0xFC, 0x10, 0x00, 0x00, 0x00, 0x00,
    0x00, 0x00, 0x00, 0x1E, 0xF4, 0x00, 0x00, 0x00, 0x00, 0x00, 0x00, 0x00, 0x00, 0x4F, 0x90, 0x00,
    0x00, 0x00, 0x00, 0x00, 0x00, 0x00, 0x00, 0xAE, 0x10, 0x00, 0x00, 0x00, 0x00, 0x00, 0x00, 0x02,
    0x92, 0x00, 0x00, 0x00, 0x00, 0x00, 0x00, 0x00, 0x00, 0x01, 0xDD, 0x30, 0x00, 0x00, 0x00, 0x00,
    0x00, 0x00, 0x00, 0x00, 0x3F, 0xE4, 0x00, 0x00, 0x00, 0x00, 0x00, 0x00, 0x00, 0x00, 0x08, 0xFF,
    0x60, 0x00, 0x00, 0x00, 0x00, 0x00, 0x00, 0x00, 0x01, 0xDF, 0xF5, 0x00, 0x00, 0x00, 0x00, 0x00,
    0x63, 0x00, 0x00, 0x4F, 0xFE, 0x30, 0x00, 0x00, 0x00, 0x00, 0x9E, 0x10, 0x00, 0x09, 0xFF, 0xD1,
    0x00, 0x00, 0x00, 0x00, 0x1E, 0xB0, 0x00, 0x00, 0xCF, 0xFC, 0x00, 0x00, 0x00, 0x00, 0x05, 0xF8,
    0x34, 0x58, 0xCF, 0xFF, 0xCB, 0xBA, 0x97, 0x40, 0x26, 0xEF, 0xFF, 0xFF, 0xFF, 0xFF, 0xFE, 0xB8,
    0x52, 0x10, 0x59, 0xEF, 0xDC, 0xBA, 0xCF, 0xFF, 0x60, 0x00, 0x00, 0x00, 0x00, 0xEB, 0x10, 0x00,
    0x8F, 0xFC, 0x00, 0x00, 0x00, 0x00, 0x06, 0xF3, 0x00, 0x01, 0xEF, 0xF3, 0x00, 0x00, 0x00, 0x00,
    0x0C, 0xB0, 0x00, 0x06, 0xFF, 0xA0, 0x00, 0x00, 0x00, 0x00, 0x1B, 0x20, 0x00, 0x0C, 0xFF, 0x20,
    0x00, 0x00, 0x00, 0x00, 0x00, 0x00, 0x00, 0x4F, 0xF6, 0x00, 0x00, 0x00, 0x00, 0x00, 0x00, 0x00,
    0x00, 0xAF, 0x90, 0x00, 0x00, 0x00, 0x00, 0x00, 0x00, 0x00, 0x02, 0xFB, 0x00, 0x00, 0x00, 0x00,
    0x00, 0x00, 0x00, 0x00, 0x08, 0xE2, 0x00, 0x00, 0x00, 0x00, 0x00, 0x00, 0x00, 0x00, 0x6E, 0x30,
    0x00, 0x00, 0x00, 0x00, 0x00, 0x00, 0x00, 0x00, 0x1D, 0xD2, 0x00, 0x00, 0x00, 0x00, 0x00, 0x00,
    0x00, 0x00, 0x05, 0xFC, 0x10, 0x00, 0x00, 0x00, 0x00, 0x00, 0x00, 0x00, 0x00, 0xCF, 0xC1, 0x00,
    0x00, 0x00, 0x00, 0x00, 0x23, 0x00, 0x00, 0x5F, 0xFB, 0x00, 0x00, 0x00, 0x00, 0x00, 0x5E, 0x10,
    0x00, 0x0B, 0xFF, 0x70, 0x00, 0x00, 0x00, 0x00, 0x0D, 0xB0, 0x00, 0x04, 0xFF, 0xF3, 0x00, 0x00,
    0x00, 0x00, 0x06, 0xF5, 0x00, 0x00, 0xAF, 0xFC, 0x00, 0x00, 0x00, 0x00, 0x03, 0xEE, 0x99, 0x9A,
    0xCF, 0xFF, 0xA6, 0x42, 0x11, 0x00, 0x6B, 0xEF, 0xFF, 0xFF, 0xFF, 0xFF, 0xFF, 0xFE, 0xB8, 0x40,
    0x02, 0xED, 0x77, 0x78, 0xBF, 0xFF, 0x84, 0x21, 0x00, 0x00, 0x07, 0xF4, 0x00, 0x00, 0xBF, 0xFB,
    0x00, 0x00, 0x00, 0x00, 0x1E, 0x90, 0x00, 0x05, 0xFF, 0xE2, 0x00, 0x00, 0x00, 0x00, 0x5D, 0x10,
    0x00, 0x0C, 0xFF, 0x50, 0x00, 0x00, 0x00, 0x00, 0x11, 0x00, 0x00, 0x6F, 0xFA, 0x00, 0x00, 0x00,
    0x00, 0x00, 0x00, 0x00, 0x01, 0xDF, 0xB1, 0x00, 0x00, 0x00, 0x00, 0x00, 0x00, 0x00, 0x06, 0xFC,
    0x10, 0x00, 0x00, 0x00, 0x00, 0x00, 0x00, 0x00, 0x1E, 0xD1, 0x00, 0x00, 0x00, 0x00, 0x00, 0x00,
    0x00, 0x00, 0x6E, 0x20, 0x00, 0x00, 0x00, 0x00, 0x00, 0x00, 0x00, 0x00, 0x07, 0xE2, 0x00, 0x00,
    0x00, 0x00, 0x00, 0x00, 0x00, 0x00, 0x01, 0xED, 0x00, 0x00, 0x00, 0x00, 0x00, 0x00, 0x00, 0x00,
    0x00, 0x9F, 0x90, 0x00, 0x00, 0x00, 0x00, 0x00, 0x00, 0x00, 0x00, 0x3F, 0xF7, 0x00, 0x00, 0x00,
    0x00, 0x00, 0x0C, 0x30, 0x00, 0x0B, 0xFF, 0x30, 0x00, 0x00, 0x00, 0x00, 0x0B, 0xC0, 0x00, 0x05,
    0xFF, 0xB0, 0x00, 0x00, 0x00, 0x00, 0x05, 0xF4, 0x00, 0x01, 0xDF, 0xF5, 0x00, 0x00, 0x00, 0x00,
    0x00, 0xEC, 0x21, 0x00, 0x7F, 0xFD, 0x00, 0x00, 0x00, 0x00, 0x5A, 0xEF, 0xFE, 0xDC, 0xDF, 0xFF,
    0x81, 0x00, 0x00, 0x00, 0x15, 0xEF, 0xFF, 0xFF, 0xFF, 0xFF, 0xFF, 0xDA, 0x73, 0x10, 0x06, 0xF7,
    0x23, 0x46, 0xCF, 0xFF, 0xB9, 0x99, 0x86, 0x30, 0x1F, 0xA0, 0x00, 0x01, 0xDF, 0xFA, 0x00, 0x00,
    0x00, 0x00, 0xAD, 0x00, 0x00, 0x0A, 0xFF, 0xC1, 0x00, 0x00, 0x00, 0x00, 0x52, 0x00, 0x00, 0x5F,
    0xFE, 0x20, 0x00, 0x00, 0x00, 0x00, 0x00, 0x00, 0x01, 0xDF, 0xF4, 0x00, 0x00, 0x00, 0x00, 0x00,
    0x00, 0x00, 0x09, 0xFE, 0x40, 0x00, 0x00, 0x00, 0x00, 0x00, 0x00, 0x00, 0x4F, 0xD4, 0x00, 0x00,
    0x00, 0x00, 0x00, 0x00, 0x00, 0x01, 0xED, 0x20, 0x00, 0x00, 0x00, 0x00, 0x00, 0x00, 0x00, 0x02,
    0x82, 0x00, 0x00, 0x00, 0x00, 0x00, 0x00, 0x00, 0x00, 0x00, 0x00, 0x9E, 0x10, 0x00, 0x00, 0x00,
    0x00, 0x00, 0x00, 0x00, 0x00, 0x3F, 0xA0, 0x00, 0x00, 0x00, 0x00, 0x00, 0x00, 0x00, 0x00, 0x0D,
    0xF4, 0x00, 0x00, 0x00, 0x00, 0x00, 0x05, 0x60, 0x00, 0x09, 0xFD, 0x10, 0x00, 0x00, 0x00, 0x00,
    0x06, 0xE0, 0x00, 0x04, 0xFF, 0x80, 0x00, 0x00, 0x00, 0x00, 0x02, 0xF5, 0x00, 0x01, 0xDF, 0xE1,
    0x00, 0x00, 0x00, 0x00, 0x00, 0xDC, 0x00, 0x00, 0x9F, 0xF7, 0x00, 0x00, 0x00, 0x00, 0x36, 0xCF,
    0x85, 0x31, 0x5F, 0xFD, 0x10, 0x00, 0x00, 0x00, 0x28, 0xEF, 0xFF, 0xFE, 0xEF, 0xFF, 0x60, 0x00,
    0x00, 0x00, 0x04, 0xFC, 0x9C, 0xEF, 0xFF, 0xFF, 0xFB, 0x62, 0x00, 0x00, 0x1E, 0xC1, 0x00, 0x13,
    0xCF, 0xFF, 0xEE, 0xFE, 0xA6, 0x20, 0xCD, 0x10, 0x00, 0x04, 0xEF, 0xFA, 0x10, 0x11, 0x23, 0x20,
    0x92, 0x00, 0x00, 0x2E, 0xFF, 0xA0, 0x00, 0x00, 0x00, 0x00, 0x00, 0x00, 0x01, 0xCF, 0xFA, 0x00,
    0x00, 0x00, 0x00, 0x00, 0x00, 0x00, 0x09, 0xFF, 0xA0, 0x00, 0x00, 0x00, 0x00, 0x00, 0x00, 0x00,
    0x6F, 0xF8, 0x00, 0x00, 0x00, 0x00, 0x00, 0x00, 0x00, 0x04, 0xFD, 0x50, 0x00, 0x00, 0x00, 0x00,
    0x00, 0x00, 0x00, 0x0C, 0xC2, 0x00, 0x00, 0x00, 0x00, 0x00, 0x00, 0x00, 0x00, 0x01, 0x00, 0x00,
    0x00, 0x00, 0x00, 0x00, 0x00, 0x00, 0x00, 0x00, 0x00, 0x0B, 0xD0, 0x00, 0x00, 0x00, 0x00, 0x00,
    0x00, 0x00, 0x00, 0x07, 0xF5, 0x00, 0x00, 0x00, 0x00, 0x00, 0x00, 0x30, 0x00, 0x04, 0xFD, 0x00,
    0x00, 0x00, 0x00, 0x00, 0x00, 0xE4, 0x00, 0x01, 0xEF, 0x70, 0x00, 0x00, 0x00, 0x00, 0x00, 0xD9,
    0x00, 0x00, 0xCF, 0xE1, 0x00, 0x00, 0x00, 0x00, 0x00, 0xAE, 0x00, 0x10, 0x8F, 0xF5, 0x00, 0x00,
    0x00, 0x00, 0x23, 0x9F, 0x40, 0x00, 0x5F, 0xFA, 0x00, 0x00, 0x00, 0x00, 0x29, 0xEF, 0xEB, 0x73,
    0x4E, 0xFE, 0x10, 0x00, 0x00, 0x00, 0x02, 0xEF, 0xFF, 0xFF, 0xEF, 0xFF, 0x60, 0x00, 0x00, 0x00,
    0x0C, 0xF5, 0x37, 0xBE, 0xFF, 0xFF, 0xD5, 0x10, 0x00, 0x00, 0xBE, 0x40, 0x00, 0x02, 0xDF, 0xFF,
    0xFF, 0xE9, 0x30, 0x00, 0xC3, 0x00, 0x00, 0x09, 0xFF, 0xFA, 0x35, 0x79, 0xA7, 0x20, 0x00, 0x00,
    0x00, 0x8F, 0xFF, 0x80, 0x00, 0x00, 0x01, 0x10, 0x00, 0x00, 0x07, 0xFF, 0xF6, 0x00, 0x00, 0x00,
    0x00, 0x00, 0x00, 0x00, 0x6F, 0xFE, 0x40, 0x00, 0x00, 0x00, 0x00, 0x00, 0x00, 0x05, 0xFF, 0x91,
    0x00, 0x00, 0x00, 0x00, 0x00, 0x00, 0x00, 0x6F, 0xC4, 0x00, 0x00, 0x00, 0x00, 0x00, 0x00, 0x00,
    0x00, 0x57, 0x00, 0x00, 0x00, 0x00, 0x00, 0x00, 0x00, 0x00, 0x00, 0x00, 0x00, 0x00, 0x00, 0x00,
    0x00, 0x00, 0x00, 0x00, 0x00, 0x00, 0x00, 0x00, 0xEA, 0x00, 0x00, 0x00, 0x00, 0x00, 0x00, 0x00,
    0x00, 0x00, 0xBF, 0x10, 0x00, 0x00, 0x00, 0x00, 0x00, 0x59, 0x00, 0x00, 0x9F, 0x70, 0x00, 0x00,
    0x00, 0x00, 0x00, 0x6E, 0x00, 0x00, 0x7F, 0xD1, 0x00, 0x00, 0x00, 0x00, 0x00, 0x5F, 0x20, 0x00,
    0x5F, 0xF5, 0x00, 0x00, 0x00, 0x00, 0x10, 0x3F, 0x50, 0x00, 0x3F, 0xF9, 0x00, 0x00, 0x00, 0x00,
    0x29, 0xBF, 0xB3, 0x00, 0x1E, 0xFD, 0x00, 0x00, 0x00, 0x00, 0x01, 0xDF, 0xFF, 0xB6, 0x3D, 0xFF,
    0x20, 0x00, 0x00, 0x00, 0x08, 0xFC, 0xBF, 0xFF, 0xFF, 0xFF, 0x60, 0x00, 0x00, 0x00, 0x8F, 0x80,
    0x02, 0x7D, 0xFF, 0xFF, 0xB1, 0x00, 0x00, 0x00, 0xE5, 0x00, 0x00, 0x02, 0xEF, 0xFF, 0xFE, 0x71,
    0x00, 0x00, 0x10, 0x00, 0x00, 0x3D, 0xFF, 0xFA, 0x7B, 0xED, 0x71, 0x00, 0x00, 0x00, 0x03, 0xDF,
    0xFF, 0x70, 0x00, 0x03, 0x66, 0x20, 0x00, 0x00, 0x4E, 0xFF, 0xC3, 0x00, 0x00, 0x00, 0x00, 0x00,
    0x00, 0x05, 0xFF, 0xE8, 0x00, 0x00, 0x00, 0x00, 0x00, 0x00, 0x00, 0x7F, 0xE9, 0x20, 0x00, 0x00,
    0x00, 0x00, 0x00, 0x00, 0x03, 0xE9, 0x20, 0x00, 0x00, 0x00, 0x00, 0x00, 0x00, 0x00, 0x00, 0x00,
    0x00, 0x00, 0x00, 0x00, 0x00, 0x00, 0x00, 0x00, 0x00, 0x00, 0x00, 0x00, 0x00, 0x00, 0x00, 0x00,
    0x00, 0x00, 0x00, 0x00, 0x00, 0x00, 0x2F, 0x60, 0x00, 0x00, 0x00, 0x00, 0x00, 0x04, 0x20, 0x00,
    0x1F, 0xB0, 0x00, 0x00, 0x00, 0x00, 0x00, 0x0D, 0x60, 0x00, 0x1E, 0xE1, 0x00, 0x00, 0x00, 0x00,
    0x00, 0x0D, 0x80, 0x00, 0x1D, 0xF6, 0x00, 0x00, 0x00, 0x00, 0x00, 0x0E, 0xA0, 0x00, 0x0D, 0xFB,
    0x00, 0x00, 0x00, 0x00, 0x16, 0x6E, 0xC0, 0x00, 0x0C, 0xFD, 0x00, 0x00, 0x00, 0x00, 0x02, 0xCF,
    0xE9, 0x30, 0x0C, 0xFE, 0x20, 0x00, 0x00, 0x00, 0x03, 0xDF, 0xFF, 0xFA, 0x5B, 0xFF, 0x40, 0x00,
    0x00, 0x00, 0x5F, 0xE5, 0x4B, 0xFF, 0xFF, 0xFF, 0x60, 0x00, 0x00, 0x00, 0xF9, 0x10, 0x00, 0x4A,
    0xEF, 0xFF, 0x90, 0x00, 0x00, 0x00, 0x30, 0x00, 0x00, 0x04, 0xEF, 0xFF, 0xF9, 0x10, 0x00, 0x00,
    0x00, 0x00, 0x00, 0x7F, 0xFF, 0xFB, 0xBF, 0xE6, 0x00, 0x00, 0x00, 0x00, 0x1A, 0xFF, 0xFD, 0x60,
    0x02, 0x6B, 0x92, 0x00, 0x00, 0x04, 0xDF, 0xFE, 0x81, 0x00, 0x00, 0x00, 0x24, 0x00, 0x00, 0x7F,
    0xFE, 0x93, 0x00, 0x00, 0x00, 0x00, 0x00, 0x00, 0x0A, 0xFB, 0x62, 0x00, 0x00, 0x00, 0x00, 0x00,
    0x00, 0x00, 0x04, 0x40, 0x00, 0x00, 0x00, 0x00, 0x00, 0x00, 0x00, 0x00, 0x00, 0x00, 0x00, 0x00,
    0x00, 0x00, 0x00, 0x00, 0x00, 0x00, 0x00, 0x00, 0x00, 0x00, 0x00, 0x00, 0x00, 0x00, 0x00, 0x00,
    0x00, 0x00, 0x00, 0x00, 0x05, 0xF3, 0x00, 0x00, 0x00, 0x00, 0x00, 0x02, 0xA1, 0x00, 0x05, 0xF6,
    0x00, 0x00, 0x00, 0x00, 0x00, 0x04, 0xF1, 0x00, 0x06, 0xF9, 0x00, 0x00, 0x00, 0x00, 0x00, 0x05,
    0xF2, 0x00, 0x06, 0xFC, 0x00, 0x00, 0x00, 0x00, 0x03, 0x27, 0xF2, 0x00, 0x07, 0xFF, 0x20, 0x00,
    0x00, 0x00, 0x03, 0xBD, 0xF4, 0x00, 0x07, 0xFF, 0x40, 0x00, 0x00, 0x00, 0x00, 0x8F, 0xFE, 0x81,
    0x08, 0xFF, 0x50, 0x00, 0x00, 0x00, 0x1B, 0xFC, 0xBF, 0xFD, 0x69, 0xFF, 0x60, 0x00, 0x00, 0x00,
    0xED, 0x60, 0x05, 0xDF, 0xFF, 0xFF, 0x70, 0x00, 0x00, 0x00, 0x60, 0x00, 0x00, 0x18, 0xEF, 0xFF,
    0x80, 0x00, 0x00, 0x00, 0x00, 0x00, 0x00, 0x07, 0xEF, 0xFF, 0xD3, 0x00, 0x00, 0x00, 0x00, 0x00,
    0x04, 0xCF, 0xFF, 0xFD, 0xFF, 0x70, 0x00, 0x00, 0x00, 0x01, 0x9F, 0xFF, 0xFC, 0x50, 0x28, 0xEA,
    0x10, 0x00, 0x00, 0x5E, 0xFF, 0xFB, 0x40, 0x00, 0x00, 0x16, 0x82, 0x00, 0x2B, 0xFF, 0xC7, 0x30,
    0x00, 0x00, 0x00, 0x00, 0x02, 0x00, 0x2A, 0x62, 0x00, 0x00, 0x00, 0x00, 0x00, 0x00, 0x00, 0x00,
    0x00, 0x00, 0x00, 0x00, 0x00, 0x00, 0x00, 0x00, 0x00, 0x00, 0x00, 0x00, 0x00, 0x00, 0x00, 0x00,
    0x00, 0x00, 0x00, 0x00, 0x00, 0x00, 0x00, 0x00, 0x00, 0x00, 0x00, 0x00, 0x00, 0x00, 0x00, 0x00,
    0x23, 0x00, 0x00, 0x8E, 0x00, 0x00, 0x00, 0x00, 0x00, 0x00, 0x8B, 0x00, 0x00, 0xAF, 0x20, 0x00,
    0x00, 0x00, 0x00, 0x00, 0xBA, 0x00, 0x00, 0xBF, 0x30, 0x00, 0x00, 0x00, 0x01, 0x00, 0xEA, 0x00,
    0x00, 0xDF, 0x50, 0x00, 0x00, 0x00, 0x01, 0x97, 0xF9, 0x00, 0x01, 0xEF, 0x80, 0x00, 0x00, 0x00,
    0x00, 0x3F, 0xFB, 0x10, 0x02, 0xFF, 0x90, 0x00, 0x00, 0x00, 0x04, 0xDF, 0xFF, 0xD5, 0x04, 0xFF,
    0x80, 0x00, 0x00, 0x00, 0xAF, 0xD6, 0x4D, 0xFF, 0x97, 0xFF, 0x80, 0x00, 0x00, 0x00, 0xA4, 0x00,
    0x01, 0x9F, 0xFF, 0xFF, 0x90, 0x00, 0x00, 0x00, 0x00, 0x00, 0x00, 0x06, 0xEF, 0xFF, 0x80, 0x00,
    0x00, 0x00, 0x00, 0x00, 0x00, 0x49, 0xFF, 0xFF, 0xB0, 0x00, 0x00, 0x00, 0x00, 0x00, 0x3A, 0xFF,
    0xFF, 0xFE, 0xFB, 0x00, 0x00, 0x00, 0x00, 0x3A, 0xFF, 0xFF, 0xEA, 0x52, 0x7E, 0xC1, 0x00, 0x00,
    0x4A, 0xFF, 0xFE, 0xB6, 0x20, 0x00, 0x01, 0x9B, 0x30, 0x00, 0xAE, 0xA7, 0x41, 0x00, 0x00, 0x00,
    0x00, 0x03, 0x61, 0x00, 0x00, 0x00, 0x00, 0x00, 0x00, 0x00, 0x00, 0x00, 0x00, 0x00, 0x00, 0x00,
    0x00, 0x00, 0x00, 0x00, 0x00, 0x00, 0x00, 0x00, 0x00, 0x00, 0x00, 0x00, 0x00, 0x00, 0x00, 0x00,
    0x00, 0x00, 0x00, 0x00, 0x00, 0x00, 0x00, 0x00, 0x00, 0x00, 0x00, 0x00, 0x00, 0x00, 0x07, 0x40,
    0x00, 0x0B, 0xB0, 0x00, 0x00, 0x00, 0x00, 0x00, 0x0E, 0x60, 0x00, 0x0E, 0xC0, 0x00, 0x00, 0x00,
    0x00, 0x00, 0x3F, 0x30, 0x00, 0x2F, 0xB0, 0x00, 0x00, 0x00, 0x00, 0x53, 0x7F, 0x20, 0x00, 0x5F,
    0xC0, 0x00, 0x00, 0x00, 0x00, 0x1C, 0xEE, 0x00, 0x00, 0x9F, 0xD0, 0x00, 0x00, 0x00, 0x00, 0x5D,
    0xFE, 0x70, 0x00, 0xBF, 0xD1, 0x00, 0x00, 0x00, 0x6D, 0xFE, 0xCF, 0xF9, 0x00, 0xEF, 0xC0, 0x00,
    0x00, 0x00, 0xCA, 0x41, 0x07, 0xFF, 0xC6, 0xFF, 0xB0, 0x00, 0x00, 0x00, 0x00, 0x00, 0x00, 0x5E,
    0xFF, 0xFF, 0xA0, 0x00, 0x00, 0x00, 0x00, 0x00, 0x00, 0x05, 0xFF, 0xFF, 0x80, 0x00, 0x00, 0x00,
    0x00, 0x00, 0x02, 0x8C, 0xFF, 0xFF, 0x80, 0x00, 0x00, 0x00, 0x00, 0x04, 0xAE, 0xFF, 0xFF, 0xFF,
    0xF4, 0x00, 0x00, 0x00, 0x27, 0xDF, 0xFF, 0xFF, 0xC9, 0x45, 0xDF, 0x30, 0x00, 0x00, 0xFF, 0xED,
    0xB9, 0x62, 0x00, 0x00, 0x18, 0xE3, 0x00, 0x00, 0x32, 0x10, 0x00, 0x00, 0x00, 0x00, 0x00, 0x4A,
    0x20, 0x00, 0x00, 0x00, 0x00, 0x00, 0x00, 0x00, 0x00, 0x01, 0x30, 0x00, 0x00, 0x00, 0x00, 0x00,
    0x00, 0x00, 0x00, 0x00, 0x00, 0x00, 0x00, 0x00, 0x00, 0x00, 0x00, 0x00, 0x00, 0x00, 0x00, 0x00,
    0x00, 0x00, 0x00, 0x00, 0x00, 0x00, 0x00, 0x00, 0x00, 0x00, 0x00, 0x00, 0x01, 0xC3, 0x00, 0x00,
    0xE7, 0x00, 0x00, 0x00, 0x00, 0x00, 0x05, 0xF1, 0x00, 0x03, 0xF7, 0x00, 0x00, 0x00, 0x00, 0x11,
    0x0C, 0xD0, 0x00, 0x07, 0xF6, 0x00, 0x00, 0x00, 0x00, 0x19, 0x7F, 0x90, 0x00, 0x0C, 0xF5, 0x00,
    0x00, 0x00, 0x00, 0x06, 0xFF, 0x60, 0x00, 0x2F, 0xF5, 0x00, 0x00, 0x00, 0x16, 0xCF, 0xFF, 0xD3,
    0x00, 0x6F, 0xF5, 0x00, 0x00, 0x00, 0xBE, 0xB8, 0x5C, 0xFE, 0x30, 0xBF, 0xF3, 0x00, 0x00, 0x00,
    0x20, 0x00, 0x01, 0xCF, 0xE6, 0xEF, 0xE1, 0x00, 0x00, 0x00, 0x00, 0x00, 0x00, 0x1C, 0xFF, 0xFF,
    0xC0, 0x00, 0x00, 0x00, 0x00, 0x00, 0x00, 0x05, 0xFF, 0xFF, 0x90, 0x00, 0x00, 0x00, 0x00, 0x00,
    0x37, 0xCE, 0xFF, 0xFF, 0x60, 0x00, 0x00, 0x00, 0x14, 0x8C, 0xFF, 0xFF, 0xFF, 0xFF, 0xB0, 0x00,
    0x00, 0x00, 0xFF, 0xFF, 0xFF, 0xED, 0xB8, 0x59, 0xF8, 0x00, 0x00, 0x00, 0x76, 0x55, 0x44, 0x20,
    0x00, 0x00, 0x6F, 0x50, 0x00, 0x00, 0x00, 0x00, 0x00, 0x00, 0x00, 0x00, 0x04, 0xC3, 0x00, 0x00,
    0x00, 0x00, 0x00, 0x00, 0x00, 0x00, 0x00, 0x27, 0x10, 0x00, 0x00, 0x00, 0x00, 0x00, 0x00, 0x00,
    0x00, 0x00, 0x10, 0x00, 0x00, 0x00, 0x00, 0x00, 0x00, 0x00, 0x00, 0x00, 0x00, 0x00, 0x00, 0x00,
    0x00, 0x00, 0x00, 0x00, 0x00, 0x00, 0x00, 0x00, 0x00, 0x00, 0x00, 0x4E, 0x00, 0x00, 0x1E, 0x30,
    0x00, 0x00, 0x00, 0x00, 0x00, 0xCB, 0x00, 0x00, 0x6F, 0x20, 0x00, 0x00, 0x00, 0x05, 0x34, 0xF5,
    0x00, 0x00, 0xCF, 0x10, 0x00, 0x00, 0x00, 0x01, 0xCD, 0xE1, 0x00, 0x03, 0xFD, 0x00, 0x00, 0x00,
    0x00, 0x48, 0xEF, 0xD0, 0x00, 0x09, 0xFB, 0x00, 0x00, 0x00, 0x6E, 0xFF, 0xDF, 0xF9, 0x00, 0x1E,
    0xFB, 0x00, 0x00, 0x00, 0x35, 0x31, 0x05, 0xFF, 0x70, 0x7F, 0xF7, 0x00, 0x00, 0x00, 0x00, 0x00,
    0x00, 0x7F, 0xF7, 0xCF, 0xF3, 0x00, 0x00, 0x00, 0x00, 0x00, 0x00, 0x0A, 0xFF, 0xFF, 0xD1, 0x00,
    0x00, 0x00, 0x00, 0x00, 0x00, 0x26, 0xFF, 0xFF, 0xA0, 0x00, 0x00, 0x00, 0x01, 0x36, 0x9C, 0xEF,
    0xFF, 0xFF, 0x50, 0x00, 0x00, 0x00, 0xCF, 0xFF, 0xFF, 0xFF, 0xFF, 0xFF, 0x70, 0x00, 0x00, 0x00,
    0xAA, 0xBC, 0xCD, 0xBA, 0x97, 0x6E, 0xF1, 0x00, 0x00, 0x00, 0x00, 0x00, 0x00, 0x00, 0x00, 0x02,
    0xDB, 0x00, 0x00, 0x00, 0x00, 0x00, 0x00, 0x00, 0x00, 0x00, 0x1D, 0x60, 0x00, 0x00, 0x00, 0x00,
    0x00, 0x00, 0x00, 0x00, 0x01, 0xA2, 0x00, 0x00, 0x00, 0x00, 0x00, 0x00, 0x00, 0x00, 0x00, 0x13,
    0x00, 0x00, 0x00, 0x00, 0x00, 0x00, 0x00, 0x00, 0x00, 0x00, 0x00, 0x00, 0x00, 0x00, 0x00, 0x00,
    0x00, 0x00, 0x00, 0x00, 0x00, 0x00, 0x00, 0x00, 0x00, 0x0A, 0xB0, 0x00, 0x03, 0xA0, 0x00, 0x00,
    0x00, 0x00, 0x20, 0x3F, 0x50, 0x00, 0x09, 0xF0, 0x00, 0x00, 0x00, 0x00, 0x85, 0xCE, 0x00, 0x00,
    0x2F, 0xB0, 0x00, 0x00, 0x00, 0x00, 0x6F, 0xF7, 0x00, 0x00, 0x9F, 0x70, 0x00, 0x00, 0x19, 0xCF,
    0xFF, 0xF6, 0x00, 0x02, 0xEF, 0x40, 0x00, 0x00, 0x2A, 0x99, 0x8A, 0xFE, 0x20, 0x09, 0xFF, 0x20,
    0x00, 0x00, 0x00, 0x00, 0x00, 0xCF, 0xB0, 0x2F, 0xFD, 0x00, 0x00, 0x00, 0x00, 0x00, 0x00, 0x3E,
    0xF8, 0x9F, 0xF7, 0x00, 0x00, 0x00, 0x00, 0x00, 0x00, 0x06, 0xFF, 0xFF, 0xF2, 0x00, 0x00, 0x00,
    0x00, 0x01, 0x23, 0x57, 0xFF, 0xFF, 0xB0, 0x00, 0x00, 0x00, 0x9B, 0xCD, 0xEF, 0xFF, 0xFF, 0xFF,
    0x50, 0x00, 0x00, 0x00, 0xEF, 0xFF, 0xFF, 0xFF, 0xFF, 0xFF, 0x30, 0x00, 0x00, 0x00, 0x01, 0x35,
    0x68, 0x77, 0x87, 0x9F, 0x90, 0x00, 0x00, 0x00, 0x00, 0x00, 0x00, 0x00, 0x00, 0x08, 0xF2, 0x00,
    0x00, 0x00, 0x00, 0x00, 0x00, 0x00, 0x00, 0x00, 0xAB, 0x00, 0x00, 0x00, 0x00, 0x00, 0x00, 0x00,
    0x00, 0x00, 0x0B, 0x40, 0x00, 0x00, 0x00, 0x00, 0x00, 0x00, 0x00, 0x00, 0x01, 0x60, 0x00, 0x00,
    0x00, 0x00, 0x00, 0x00, 0x00, 0x00, 0x00, 0x00, 0x00, 0x00, 0x00, 0x00, 0x00, 0x00, 0x00, 0x00,
    0x00, 0x00, 0x00, 0x00, 0x00, 0x00, 0x00, 0x01, 0xD7, 0x00, 0x00, 0x23, 0x00, 0x00, 0x00, 0x00,
    0x23, 0x0A, 0xE1, 0x00, 0x00, 0xBB, 0x00, 0x00, 0x00, 0x00, 0x0B, 0x9F, 0x70, 0x00, 0x04, 0xF7,
    0x00, 0x00, 0x02, 0x56, 0x8D, 0xFD, 0x10, 0x00, 0x0D, 0xF3, 0x00, 0x00, 0x09, 0xEF, 0xFF, 0xFD,
    0x00, 0x00, 0x8F, 0xC0, 0x00, 0x00, 0x00, 0x01, 0x23, 0xDF, 0x70, 0x03, 0xFF, 0x80, 0x00, 0x00,
    0x00, 0x00, 0x00, 0x6F, 0xE2, 0x0C, 0xFF, 0x40, 0x00, 0x00, 0x00, 0x00, 0x00, 0x0C, 0xFA, 0x6F,
    0xFC, 0x00, 0x00, 0x00, 0x00, 0x00, 0x00, 0x04, 0xFF, 0xFF, 0xF5, 0x00, 0x00, 0x00, 0x66, 0x77,
    0x88, 0x9A, 0xFF, 0xFF, 0xD0, 0x00, 0x00, 0x00, 0xFF, 0xFF, 0xFF, 0xFF, 0xFF, 0xFF, 0x60, 0x00,
    0x00, 0x00, 0x25, 0x9C, 0xEF, 0xFF, 0xFF, 0xFE, 0x10, 0x00, 0x00, 0x00, 0x00, 0x00, 0x13, 0x45,
    0x67, 0xCF, 0x40, 0x00, 0x00, 0x00, 0x00, 0x00, 0x00, 0x00, 0x00, 0x2E, 0xA0, 0x00, 0x00, 0x00,
    0x00, 0x00, 0x00, 0x00, 0x00, 0x04, 0xF2, 0x00, 0x00, 0x00, 0x00, 0x00, 0x00, 0x00, 0x00, 0x00,
    0x88, 0x00, 0x00, 0x00, 0x00, 0x00, 0x00, 0x00, 0x00, 0x00, 0x08, 0x10, 0x00, 0x00, 0x00, 0x00,
    0x00, 0x00, 0x00, 0x00, 0x01, 0x20, 0x00, 0x00, 0x00, 0x00, 0x00, 0x00, 0x00, 0x00, 0x00, 0x00,
    0x00, 0x00, 0x00, 0x00, 0x00, 0x00, 0x4F, 0x40, 0x00, 0x00, 0x00, 0x00, 0x00, 0x00, 0x05, 0x32,
    0xEA, 0x00, 0x00, 0x09, 0x40, 0x00, 0x00, 0x00, 0x04, 0xDD, 0xE1, 0x00, 0x00, 0x6F, 0x40, 0x00,
    0x03, 0xDE, 0xEE, 0xFF, 0x60, 0x00, 0x03, 0xFD, 0x00, 0x00, 0x01, 0x57, 0x9B, 0xEF, 0x60, 0x00,
    0x1C, 0xF7, 0x00, 0x00, 0x00, 0x00, 0x00, 0x7F, 0xD0, 0x00, 0xAF, 0xE1, 0x00, 0x00, 0x00, 0x00,
    0x00, 0x1E, 0xF5, 0x06, 0xFF, 0xA0, 0x00, 0x00, 0x00, 0x00, 0x00, 0x08, 0xFC, 0x4F, 0xFF, 0x30,
    0x00, 0x00, 0x22, 0x21, 0x10, 0x02, 0xFF, 0xFF, 0xF9, 0x00, 0x00, 0x00, 0xFF, 0xFE, 0xDD, 0xCC,
    0xFF, 0xFF, 0xE2, 0x00, 0x00, 0x00, 0x6A, 0xEF, 0xFF, 0xFF, 0xFF, 0xFF, 0x70, 0x00, 0x00, 0x00,
    0x00, 0x25, 0xAC, 0xEF, 0xFF, 0xFC, 0x00, 0x00, 0x00, 0x00, 0x00, 0x00, 0x00, 0x13, 0x58, 0xFD,
    0x00, 0x00, 0x00, 0x00, 0x00, 0x00, 0x00, 0x00, 0x00, 0x7F, 0x30, 0x00, 0x00, 0x00, 0x00, 0x00,
    0x00, 0x00, 0x00, 0x0D, 0x90, 0x00, 0x00, 0x00, 0x00, 0x00, 0x00, 0x00, 0x00, 0x04, 0xD0, 0x00,
    0x00, 0x00, 0x00, 0x00, 0x00, 0x00, 0x00, 0x00, 0x84, 0x00, 0x00, 0x00, 0x00, 0x00, 0x00, 0x00,
    0x00, 0x00, 0x14, 0x00, 0x00, 0x00, 0x00, 0x00, 0x00, 0x00, 0x00, 0x00, 0x00, 0x00, 0x00, 0x00,
    0x00, 0x00, 0x00, 0x20, 0x07, 0xF2, 0x00, 0x00, 0x00, 0x00, 0x00, 0x00, 0x00, 0x82, 0x7F, 0x60,
    0x00, 0x00, 0x30, 0x00, 0x00, 0x57, 0x65, 0xAE, 0xFA, 0x00, 0x00, 0x06, 0xE1, 0x00, 0x00, 0x7D,
    0xFF, 0xFF, 0xD1, 0x00, 0x00, 0x5F, 0xA0, 0x00, 0x00, 0x00, 0x25, 0xAF, 0xC0, 0x00, 0x03, 0xEF,
    0x30, 0x00, 0x00, 0x00, 0x00, 0x1E, 0xF4, 0x00, 0x2E, 0xF9, 0x00, 0x00, 0x00, 0x00, 0x01, 0x0A,
    0xF9, 0x02, 0xDF, 0xF2, 0x00, 0x00, 0x00, 0x00, 0x00, 0x04, 0xFE, 0x3C, 0xFF, 0x90, 0x00, 0x00,
    0xEC, 0xA8, 0x64, 0x22, 0xEF, 0xEF, 0xFD, 0x10, 0x00, 0x00, 0x9E, 0xFF, 0xFF, 0xFD, 0xFF, 0xFF,
    0xF4, 0x00, 0x00, 0x00, 0x01, 0x7C, 0xFF, 0xFF, 0xFF, 0xFF, 0x80, 0x00, 0x00, 0x00, 0x00, 0x00,
    0x48, 0xCE, 0xFF, 0xFC, 0x00, 0x00, 0x00, 0x00, 0x00, 0x00, 0x00, 0x02, 0x5A, 0xF9, 0x00, 0x00,
    0x00, 0x00, 0x00, 0x00, 0x00, 0x00, 0x00, 0xDD, 0x00, 0x00, 0x00, 0x00, 0x00, 0x00, 0x00, 0x00,
    0x00, 0x5F, 0x10, 0x00, 0x00, 0x00, 0x00, 0x00, 0x00, 0x00, 0x00, 0x0C, 0x50, 0x00, 0x00, 0x00,
    0x00, 0x00, 0x00, 0x00, 0x00, 0x05, 0x80, 0x00, 0x00, 0x00, 0x00, 0x00, 0x00, 0x00, 0x00, 0x00,
    0x60, 0x00, 0x00, 0x00, 0x00, 0x00, 0x00, 0x00, 0x00, 0x00, 0x10, 0x00, 0x00, 0x00, 0x00, 0x00,
    0x00, 0x13, 0x00, 0x9D, 0x10, 0x00, 0x00, 0x00, 0x00, 0x01, 0x00, 0x0A, 0x3B, 0xF4, 0x00, 0x00,
    0x00, 0x00, 0x00, 0x2E, 0xDB, 0x9E, 0xEF, 0x50, 0x00, 0x00, 0x55, 0x00, 0x00, 0x03, 0x8D, 0xFF,
    0xF6, 0x00, 0x00, 0x04, 0xF8, 0x00, 0x00, 0x00, 0x00, 0x3D, 0xF4, 0x00, 0x00, 0x5F, 0xD1, 0x00,
    0x00, 0x00, 0x00, 0x09, 0xF9, 0x00, 0x06, 0xFF, 0x50, 0x00, 0x00, 0x00, 0x00, 0x05, 0xFC, 0x00,
    0x7F, 0xFA, 0x00, 0x00, 0xC8, 0x52, 0x00, 0x01, 0xFF, 0x38, 0xFF, 0xF2, 0x00, 0x00, 0xDF, 0xFE,
    0xC9, 0x63, 0xDF, 0xDF, 0xFF, 0x50, 0x00, 0x00, 0x05, 0xCF, 0xFF, 0xFF, 0xFF, 0xFF, 0xF7, 0x00,
    0x00, 0x00, 0x00, 0x06, 0xCF, 0xFF, 0xFF, 0xFF, 0xA0, 0x00, 0x00, 0x00, 0x00, 0x00, 0x04, 0x9D,
    0xFF, 0xFB, 0x00, 0x00, 0x00, 0x00, 0x00, 0x00, 0x00, 0x01, 0x5C, 0xF4, 0x00, 0x00, 0x00, 0x00,
    0x00, 0x00, 0x00, 0x00, 0x03, 0xF6, 0x00, 0x00, 0x00, 0x00, 0x00, 0x00, 0x00, 0x00, 0x00, 0xD9,
    0x00, 0x00, 0x00, 0x00, 0x00, 0x00, 0x00, 0x00, 0x00, 0x7B, 0x00, 0x00, 0x00, 0x00, 0x00, 0x00,
    0x00, 0x00, 0x00, 0x1B, 0x00, 0x00, 0x00, 0x00, 0x00, 0x00, 0x00, 0x00, 0x00, 0x06, 0x20, 0x00,
    0x00, 0x00, 0x00, 0x00, 0x00, 0x00, 0x00, 0x01, 0x10, 0x00, 0x00, 0x00, 0x00, 0x00, 0x00, 0x03,
    0x30, 0x1A, 0xB0, 0x00, 0x00, 0x00, 0x00, 0x04, 0x73, 0x05, 0x94, 0xDE, 0x30, 0x00, 0x00, 0x00,
    0x00, 0x05, 0xDF, 0xEC, 0xFF, 0xD2, 0x00, 0x00, 0x00, 0x00, 0x00, 0x00, 0x04, 0xBF, 0xFD, 0x20,
    0x00, 0x00, 0x3C, 0x20, 0x00, 0x00, 0x00, 0x06, 0xFB, 0x00, 0x00, 0x06, 0xFC, 0x10, 0x00, 0x00,
    0x00, 0x03, 0xFD, 0x10, 0x00, 0x8F, 0xE2, 0x00, 0xA4, 0x10, 0x00, 0x02, 0xEF, 0x20, 0x2B, 0xFF,
    0x50, 0x00, 0xEF, 0xE9, 0x51, 0x00, 0xDF, 0x53, 0xEF, 0xF9, 0x00, 0x00, 0x18, 0xFF, 0xFE, 0xA5,
    0xCF, 0xDE, 0xFF, 0xC1, 0x00, 0x00, 0x00, 0x4C, 0xFF, 0xFF, 0xFF, 0xFF, 0xFB, 0x10, 0x00, 0x00,
    0x00, 0x01, 0x7D, 0xFF, 0xFF, 0xFF, 0xB1, 0x00, 0x00, 0x00, 0x00, 0x00, 0x01, 0x6C, 0xFF, 0xFB,
    0x10, 0x00, 0x00, 0x00, 0x00, 0x00, 0x00, 0x00, 0x5E, 0xF2, 0x00, 0x00, 0x00, 0x00, 0x00, 0x00,
    0x00, 0x00, 0x09, 0xF1, 0x00, 0x00, 0x00, 0x00, 0x00, 0x00, 0x00, 0x00, 0x04, 0xF2, 0x00, 0x00,
    0x00, 0x00, 0x00, 0x00, 0x00, 0x00, 0x01, 0xD3, 0x00, 0x00, 0x00, 0x00, 0x00, 0x00, 0x00, 0x00,
    0x00, 0xA4, 0x00, 0x00, 0x00, 0x00, 0x00, 0x00, 0x00, 0x00, 0x00, 0x54, 0x00, 0x00, 0x00, 0x00,
    0x00, 0x00, 0x00, 0x00, 0x00, 0x12, 0x00, 0x00, 0x00, 0x00, 0x00, 0x00, 0x00, 0x00, 0x52, 0x01,
    0x96, 0x00, 0x00, 0x00, 0x00, 0x00, 0xBC, 0x62, 0x96, 0x6E, 0xD3, 0x00, 0x00, 0x00, 0x00, 0x00,
    0x3A, 0xFF, 0xEF, 0xFB, 0x10, 0x00, 0x00, 0x00, 0x00, 0x00, 0x00, 0x3B, 0xFF, 0x80, 0x00, 0x00,
    0x01, 0x20, 0x00, 0x00, 0x00, 0x00, 0xDF, 0x20, 0x00, 0x00, 0x3D, 0xA0, 0x82, 0x00, 0x00, 0x00,
    0xCF, 0x40, 0x00, 0x18, 0xFE, 0x20, 0xFF, 0xA4, 0x00, 0x00, 0xBF, 0x50, 0x04, 0xDF, 0xE3, 0x00,
    0x2B, 0xFF, 0xC6, 0x10, 0xAF, 0x71, 0x9F, 0xFF, 0x40, 0x00, 0x00, 0x9F, 0xFF, 0xE8, 0xCF, 0xCD,
    0xFF, 0xF6, 0x00, 0x00, 0x00, 0x06, 0xEF, 0xFF, 0xFF, 0xFF, 0xFE, 0x50, 0x00, 0x00, 0x00, 0x00,
    0x29, 0xFF, 0xFF, 0xFF, 0xD3, 0x00, 0x00, 0x00, 0x00, 0x00, 0x00, 0x4C, 0xFF, 0xFB, 0x20, 0x00,
    0x00, 0x00, 0x00, 0x00, 0x00, 0x00, 0x6F, 0xC0, 0x00, 0x00, 0x00, 0x00, 0x00, 0x00, 0x00, 0x00,
    0x0E, 0xB0, 0x00, 0x00, 0x00, 0x00, 0x00, 0x00, 0x00, 0x00, 0x0B, 0xB0, 0x00, 0x00, 0x00, 0x00,
    0x00, 0x00, 0x00, 0x00, 0x08, 0xA0, 0x00, 0x00, 0x00, 0x00, 0x00, 0x00, 0x00, 0x00, 0x05, 0x90,
    0x00, 0x00, 0x00, 0x00, 0x00, 0x00, 0x00, 0x00, 0x02, 0x70, 0x00, 0x00, 0x00, 0x00, 0x00, 0x00,
    0x00, 0x00, 0x01, 0x40, 0x00, 0x00, 0x00, 0x00, 0x00, 0x00, 0x15, 0x00, 0x06, 0x00, 0x05, 0x20,
    0x00, 0x00, 0x00, 0x00, 0x2D, 0xE7, 0x2B, 0x36, 0xDE, 0x30, 0x00, 0x00, 0x00, 0x00, 0x01, 0x9F,
    0xFF, 0xFF, 0xA1, 0x00, 0x00, 0x00, 0x00, 0x00, 0x00, 0x04, 0xDF, 0xE5, 0x00, 0x00, 0x00, 0x00,
    0x61, 0x00, 0x00, 0x00, 0x7F, 0x90, 0x00, 0x00, 0x01, 0x60, 0xFE, 0x61, 0x00, 0x00, 0x7F, 0x90,
    0x00, 0x00, 0x6D, 0xF0, 0x2D, 0xFD, 0x60, 0x00, 0x7F, 0x90, 0x00, 0x5C, 0xFE, 0x30, 0x01, 0xCF,
    0xFC, 0x50, 0x8F, 0xA0, 0x4B, 0xFF, 0xC2, 0x00, 0x00, 0x1B, 0xFF, 0xFB, 0xCF, 0xCA, 0xFF, 0xFC,
    0x10, 0x00, 0x00, 0x01, 0xAF, 0xFF, 0xFF, 0xFF, 0xFF, 0xB1, 0x00, 0x00, 0x00, 0x00, 0x05, 0xEF,
    0xFF, 0xFF, 0xE7, 0x00, 0x00, 0x00, 0x00, 0x00, 0x00, 0x2B, 0xFF, 0xFC, 0x30, 0x00, 0x00, 0x00,
    0x00, 0x00, 0x00, 0x00, 0x8F, 0xA0, 0x00, 0x00, 0x00, 0x00, 0x00, 0x00, 0x00, 0x00, 0x3F, 0x50,
    0x00, 0x00, 0x00, 0x00, 0x00, 0x00, 0x00, 0x00, 0x2F, 0x40, 0x00, 0x00, 0x00, 0x00, 0x00, 0x00,
    0x00, 0x00, 0x1E, 0x20, 0x00, 0x00, 0x00, 0x00, 0x00, 0x00, 0x00, 0x00, 0x0B, 0x10, 0x00, 0x00,
    0x00, 0x00, 0x00, 0x00, 0x00, 0x00, 0x08, 0x10, 0x00, 0x00, 0x00, 0x00, 0x00, 0x00, 0x00, 0x00,
    0x04, 0x00, 0x00, 0x00, 0x00, 0x00, 0x00, 0x00, 0x04, 0x91, 0x01, 0x50, 0x00, 0x00, 0x00, 0x00,
    0x00, 0x00, 0x02, 0xDE, 0x75, 0xA1, 0x5B, 0xC1, 0x00, 0x00, 0x00, 0x00, 0x00, 0x0A, 0xFF, 0xEF,
    0xFC, 0x40, 0x00, 0x00, 0x21, 0x00, 0x00, 0x00, 0x7F, 0xFC, 0x40, 0x00, 0x00, 0x00, 0x9E, 0x40,
    0x00, 0x00, 0x1F, 0xF1, 0x00, 0x00, 0x00, 0x00, 0x2D, 0xF9, 0x10, 0x00, 0x3F, 0xE1, 0x00, 0x00,
    0x01, 0x70, 0x02, 0xEF, 0xD5, 0x00, 0x4F, 0xD0, 0x00, 0x03, 0x9F, 0xF0, 0x00, 0x4E, 0xFF, 0xA1,
    0x5F, 0xC0, 0x15, 0xBF, 0xFC, 0x30, 0x00, 0x04, 0xFF, 0xFD, 0xCF, 0xD7, 0xDF, 0xFF, 0x91, 0x00,
    0x00, 0x00, 0x4E, 0xFF, 0xFF, 0xFF, 0xFF, 0xF7, 0x00, 0x00, 0x00, 0x00, 0x02, 0xCF, 0xFF, 0xFF,
    0xFB, 0x30, 0x00, 0x00, 0x00, 0x00, 0x00, 0x1A, 0xFF, 0xFC, 0x50, 0x00, 0x00, 0x00, 0x00, 0x00,
    0x00, 0x00, 0xBF, 0x80, 0x00, 0x00, 0x00, 0x00, 0x00, 0x00, 0x00, 0x00, 0x9F, 0x10, 0x00, 0x00,
    0x00, 0x00, 0x00, 0x00, 0x00, 0x00, 0x9D, 0x00, 0x00, 0x00, 0x00, 0x00, 0x00, 0x00, 0x00, 0x00,
    0x9A, 0x00, 0x00, 0x00, 0x00, 0x00, 0x00, 0x00, 0x00, 0x00, 0x87, 0x00, 0x00, 0x00, 0x00, 0x00,
    0x00, 0x00, 0x00, 0x00, 0x63, 0x00, 0x00, 0x00, 0x00, 0x00, 0x00, 0x00, 0x00, 0x00, 0x31, 0x00,
    0x00, 0x00, 0x00, 0x00, 0x00, 0x00, 0x00, 0x9B, 0x10, 0x24, 0x00, 0x00, 0x00, 0x00, 0x00, 0x00,
    0x00, 0x2D, 0xE4, 0x86, 0x02, 0x65, 0x00, 0x00, 0x00, 0x00, 0x00, 0x01, 0xCF, 0xFC, 0xDF, 0xE6,
    0x00, 0x00, 0x1C, 0x40, 0x00, 0x00, 0x1C, 0xFF, 0xC5, 0x00, 0x00, 0x00, 0x1C, 0xF6, 0x00, 0x00,
    0x09, 0xF8, 0x00, 0x00, 0x00, 0x00, 0x01, 0xEF, 0x91, 0x00, 0x0C, 0xF5, 0x00, 0x00, 0x00, 0x00,
    0x00, 0x4F, 0xFC, 0x20, 0x1E, 0xF3, 0x00, 0x00, 0x14, 0x90, 0x00, 0x08, 0xFF, 0xE4, 0x3F, 0xE0,
    0x01, 0x49, 0xDF, 0xF0, 0x00, 0x00, 0xAF, 0xFF, 0xCF, 0xE5, 0x9D, 0xFF, 0xFA, 0x10, 0x00, 0x00,
    0x0A, 0xFF, 0xFF, 0xFF, 0xFF, 0xFD, 0x50, 0x00, 0x00, 0x00, 0x00, 0xAF, 0xFF, 0xFF, 0xFE, 0x81,
    0x00, 0x00, 0x00, 0x00, 0x00, 0x0A, 0xFF, 0xFD, 0x71, 0x00, 0x00, 0x00, 0x00, 0x00, 0x00, 0x00,
    0xEF, 0x61, 0x00, 0x00, 0x00, 0x00, 0x00, 0x00, 0x00, 0x00, 0xEB, 0x00, 0x00, 0x00, 0x00, 0x00,
    0x00, 0x00, 0x00, 0x01, 0xF6, 0x00, 0x00, 0x00, 0x00, 0x00, 0x00, 0x00, 0x00, 0x01, 0xE2, 0x00,
    0x00, 0x00, 0x00, 0x00, 0x00, 0x00, 0x00, 0x02, 0xB0, 0x00, 0x00, 0x00, 0x00, 0x00, 0x00, 0x00,
    0x00, 0x03, 0x60, 0x00, 0x00, 0x00, 0x00, 0x00, 0x00, 0x00, 0x00, 0x02, 0x20, 0x00, 0x00, 0x00,
    0x00, 0x00, 0x00, 0x00, 0x00, 0x0C, 0xB0, 0x02, 0x20, 0x00, 0x00, 0x00, 0x00, 0x00, 0x00, 0x03,
    0xEC, 0x39, 0x20, 0x00, 0x00, 0x00, 0x05, 0x60, 0x00, 0x00, 0x4F, 0xEE, 0x9A, 0xDE, 0x30, 0x00,
    0x07, 0xF5, 0x00, 0x00, 0x05, 0xFF, 0xFE, 0x94, 0x10, 0x00, 0x01, 0xCF, 0x60, 0x00, 0x03, 0xFE,
    0x40, 0x00, 0x00, 0x00, 0x00, 0x4F, 0xF7, 0x00, 0x07, 0xFB, 0x00, 0x00, 0x00, 0x00, 0x00, 0x0A,
    0xFF, 0x80, 0x0B, 0xF7, 0x01, 0x00, 0x00, 0x00, 0x00, 0x01, 0xEF, 0xF9, 0x2E, 0xF3, 0x00, 0x01,
    0x47, 0xB0, 0x00, 0x00, 0x4F, 0xFF, 0xDF, 0xE4, 0x58, 0xCE, 0xFF, 0xD0, 0x00, 0x00, 0x06, 0xFF,
    0xFF, 0xFF, 0xFF, 0xFF, 0xD5, 0x00, 0x00, 0x00, 0x00, 0x8F, 0xFF, 0xFF, 0xFF, 0xD7, 0x10, 0x00,
    0x00, 0x00, 0x00, 0x0A, 0xFF, 0xFE, 0xA5, 0x10, 0x00, 0x00, 0x00, 0x00, 0x00, 0x03, 0xFD, 0x62,
    0x00, 0x00, 0x00, 0x00, 0x00, 0x00, 0x00, 0x05, 0xF5, 0x00, 0x00, 0x00, 0x00, 0x00, 0x00, 0x00,
    0x00, 0x07, 0xE0, 0x00, 0x00, 0x00, 0x00, 0x00, 0x00, 0x00, 0x00, 0x0A, 0x90, 0x00, 0x00, 0x00,
    0x00, 0x00, 0x00, 0x00, 0x00, 0x0A, 0x30, 0x00, 0x00, 0x00, 0x00, 0x00, 0x00, 0x00, 0x00, 0x17,
    0x00, 0x00, 0x00, 0x00, 0x00, 0x00, 0x00, 0x00, 0x00, 0x12, 0x00, 0x00, 0x00, 0x00, 0x00, 0x00,
    0x00, 0x00, 0x00, 0x01, 0xE8, 0x00, 0x11, 0x00, 0x00, 0x00, 0x00, 0x30, 0x00, 0x00, 0x5F, 0x81,
    0x90, 0x00, 0x00, 0x00, 0x01, 0xE7, 0x00, 0x00, 0x08, 0xFD, 0xB4, 0x56, 0x50, 0x00, 0x00, 0x9F,
    0x50, 0x00, 0x00, 0xCF, 0xFF, 0xFE, 0x90, 0x00, 0x00, 0x2E, 0xF4, 0x00, 0x00, 0xAF, 0xB6, 0x20,
    0x00, 0x00, 0x00, 0x09, 0xFE, 0x30, 0x02, 0xFF, 0x20, 0x00, 0x00, 0x00, 0x00, 0x02, 0xEF, 0xE2,
    0x07, 0xFB, 0x00, 0x00, 0x00, 0x00, 0x00, 0x00, 0x8F, 0xFD, 0x3D, 0xF6, 0x00, 0x00, 0x00, 0x00,
    0x00, 0x00, 0x1C, 0xFF, 0xEF, 0xF3, 0x23, 0x57, 0x9B, 0xE0, 0x00, 0x00, 0x03, 0xFF, 0xFF, 0xFD,
    0xEF, 0xFF, 0xFF, 0xA0, 0x00, 0x00, 0x00, 0x7F, 0xFF, 0xFF, 0xFF, 0xFD, 0x72, 0x00, 0x00, 0x00,
    0x00, 0x0A, 0xFF, 0xFF, 0xC9, 0x51, 0x00, 0x00, 0x00, 0x00, 0x00, 0x07, 0xFB, 0x63, 0x00, 0x00,
    0x00, 0x00, 0x00, 0x00, 0x00, 0x0B, 0xE1, 0x00, 0x00, 0x00, 0x00, 0x00, 0x00, 0x00, 0x00, 0x0E,
    0x70, 0x00, 0x00, 0x00, 0x00, 0x00, 0x00, 0x00, 0x00, 0x3D, 0x10, 0x00, 0x00, 0x00, 0x00, 0x00,
    0x00, 0x00, 0x00, 0x67, 0x00, 0x00, 0x00, 0x00, 0x00, 0x00, 0x00, 0x00, 0x00, 0x61, 0x00, 0x00,
    0x00, 0x00, 0x00, 0x00, 0x00, 0x00, 0x00, 0x10, 0x00, 0x00, 0x00, 0x00, 0x00, 0x00, 0x00, 0x00,
    0x00, 0x00, 0x3F, 0x50, 0x00, 0x00, 0x00, 0x00, 0x00, 0x49, 0x00, 0x00, 0x09, 0xF3, 0x26, 0x00,
    0x00, 0x00, 0x00, 0x4F, 0x70, 0x00, 0x01, 0xED, 0xC6, 0x00, 0x00, 0x00, 0x00, 0x0C, 0xF4, 0x00,
    0x00, 0x5F, 0xFE, 0xED, 0xC4, 0x00, 0x00, 0x06, 0xFD, 0x10, 0x00, 0x4F, 0xFC, 0xB8, 0x62, 0x00,
    0x00, 0x01, 0xEF, 0xB0, 0x00, 0xBF, 0x90, 0x00, 0x00, 0x00, 0x00, 0x00, 0x9F, 0xF7, 0x03, 0xFF,
    0x20, 0x00, 0x00, 0x00, 0x00, 0x00, 0x2F, 0xFF, 0x4B, 0xFA, 0x00, 0x00, 0x00, 0x00, 0x00, 0x00,
    0x08, 0xFF, 0xFF, 0xF4, 0x00, 0x01, 0x11, 0x20, 0x00, 0x00, 0x01, 0xDF, 0xFF, 0xFB, 0xCC, 0xDD,
    0xEF, 0xF0, 0x00, 0x00, 0x00, 0x6F, 0xFF, 0xFF, 0xFF, 0xFF, 0xEB, 0x70, 0x00, 0x00, 0x00, 0x0B,
    0xFF, 0xFF, 0xED, 0xB6, 0x20, 0x00, 0x00, 0x00, 0x00, 0x0B, 0xF9, 0x64, 0x20, 0x00, 0x00, 0x00,
    0x00, 0x00, 0x00, 0x2F, 0x90, 0x00, 0x00, 0x00, 0x00, 0x00, 0x00, 0x00, 0x00, 0x6E, 0x10, 0x00,
    0x00, 0x00, 0x00, 0x00, 0x00, 0x00, 0x00, 0xC6, 0x00, 0x00, 0x00, 0x00, 0x00, 0x00, 0x00, 0x00,
    0x02, 0x90, 0x00, 0x00, 0x00, 0x00, 0x00, 0x00, 0x00, 0x00, 0x04, 0x20, 0x00, 0x00, 0x00, 0x00,
    0x00, 0x00, 0x00, 0x00, 0x00, 0x00, 0x00, 0x00, 0x00, 0x00, 0x00, 0x00, 0x00, 0x02, 0x20, 0x00,
    0x06, 0xE1, 0x00, 0x00, 0x00, 0x00, 0x00, 0x0B, 0xC0, 0x00, 0x00, 0xEB, 0x02, 0x30, 0x00, 0x00,
    0x00, 0x06, 0xF5, 0x00, 0x00, 0x6F, 0x8B, 0x10, 0x00, 0x00, 0x00, 0x02, 0xFE, 0x10, 0x00, 0x1C,
    0xFE, 0x75, 0x42, 0x00, 0x00, 0x00, 0xCF, 0x90, 0x00, 0x0B, 0xFF, 0xFF, 0xFA, 0x00, 0x00, 0x00,
    0x7F, 0xF3, 0x00, 0x5F, 0xE5, 0x22, 0x11, 0x00, 0x00, 0x00, 0x3F, 0xFC, 0x00, 0xDF, 0x80, 0x00,
    0x00, 0x00, 0x00, 0x00, 0x0B, 0xFF, 0x78, 0xFD, 0x10, 0x00, 0x00, 0x00, 0x00, 0x00, 0x04, 0xFF,
    0xFF, 0xF6, 0x00, 0x00, 0x00, 0x00, 0x00, 0x00, 0x00, 0xCF, 0xFF, 0xF9, 0x87, 0x76, 0x65, 0x50,
    0x00, 0x00, 0x00, 0x5F, 0xFF, 0xFF, 0xFF, 0xFF, 0xFF, 0xF0, 0x00, 0x00, 0x00, 0x0D, 0xFF, 0xFF,
    0xFF, 0xFC, 0x96, 0x30, 0x00, 0x00, 0x00, 0x2E, 0xE8, 0x76, 0x54, 0x20, 0x00, 0x00, 0x00, 0x00,
    0x00, 0x8F, 0x30, 0x00, 0x00, 0x00, 0x00, 0x00, 0x00, 0x00, 0x01, 0xE7, 0x00, 0x00, 0x00, 0x00,
    0x00, 0x00, 0x00, 0x00, 0x06, 0xA0, 0x00, 0x00, 0x00, 0x00, 0x00, 0x00, 0x00, 0x00, 0x19, 0x10,
    0x00, 0x00, 0x00, 0x00, 0x00, 0x00, 0x00, 0x00, 0x22, 0x00, 0x00, 0x00, 0x00, 0x00, 0x00, 0x00,
    0x00, 0x00, 0x00, 0x00, 0x00, 0x00, 0x00, 0x00, 0x00, 0x00, 0x00, 0x00, 0xA3, 0x00, 0x00, 0xAA,
    0x00, 0x00, 0x00, 0x00, 0x00, 0x00, 0xFA, 0x00, 0x00, 0x4F, 0x40, 0x11, 0x00, 0x00, 0x00, 0x00,
    0xAF, 0x20, 0x00, 0x0D, 0xD4, 0x90, 0x00, 0x00, 0x00, 0x00, 0x7F, 0xA0, 0x00, 0x06, 0xFF, 0x80,
    0x00, 0x00, 0x00, 0x00, 0x4F, 0xF3, 0x00, 0x04, 0xFF, 0xFE, 0xB8, 0x20, 0x00, 0x00, 0x1E, 0xFA,
    0x00, 0x1D, 0xFC, 0x9A, 0xAB, 0x30, 0x00, 0x00, 0x0C, 0xFF, 0x30, 0x9F, 0xD1, 0x00, 0x00, 0x00,
    0x00, 0x00, 0x06, 0xFF, 0xA6, 0xFF, 0x40, 0x00, 0x00, 0x00, 0x00, 0x00, 0x01, 0xEF, 0xFF, 0xF9,
    0x00, 0x00, 0x00, 0x00, 0x00, 0x00, 0x00, 0xAF, 0xFF, 0xF7, 0x43, 0x10, 0x00, 0x00, 0x00, 0x00,
    0x00, 0x5F, 0xFF, 0xFF, 0xFF, 0xED, 0xBA, 0x80, 0x00, 0x00, 0x00, 0x1E, 0xFF, 0xFF, 0xFF, 0xFF,
    0xFF, 0xE0, 0x00, 0x00, 0x00, 0x7F, 0xB8, 0x98, 0x89, 0x85, 0x32, 0x00, 0x00, 0x00, 0x01, 0xFB,
    0x00, 0x00, 0x00, 0x00, 0x00, 0x00, 0x00, 0x00, 0x09, 0xC0, 0x00, 0x00, 0x00, 0x00, 0x00, 0x00,
    0x00, 0x00, 0x2C, 0x10, 0x00, 0x00, 0x00, 0x00, 0x00, 0x00, 0x00, 0x00, 0x62, 0x00, 0x00, 0x00,
    0x00, 0x00, 0x00, 0x00, 0x00, 0x00, 0x10, 0x00, 0x00, 0x00, 0x00, 0x00, 0x00, 0x00, 0x00, 0x00,
    0x00, 0x00, 0x00, 0x00, 0x00, 0x00, 0x00, 0x00, 0x00, 0x00, 0x3E, 0x20, 0x00, 0x0D, 0x50, 0x00,
    0x00, 0x00, 0x00, 0x00, 0x2F, 0x70, 0x00, 0x0A, 0xD0, 0x00, 0x00, 0x00, 0x00, 0x00, 0x1E, 0xD0,
    0x00, 0x04, 0xF4, 0x15, 0x00, 0x00, 0x00, 0x00, 0x0D, 0xF4, 0x00, 0x01, 0xED, 0xC2, 0x00, 0x00,
    0x00, 0x00, 0x0B, 0xFA, 0x00, 0x00, 0xCF, 0xE7, 0x30, 0x00, 0x00, 0x00, 0x09, 0xFE, 0x20, 0x07,
    0xFF, 0xEF, 0xFE, 0x70, 0x00, 0x00, 0x06, 0xFF, 0x80, 0x5F, 0xF7, 0x12, 0x36, 0x40, 0x00, 0x00,
    0x02, 0xFF, 0xC5, 0xEF, 0x90, 0x00, 0x00, 0x00, 0x00, 0x00, 0x00, 0xDF, 0xFF, 0xFC, 0x00, 0x00,
    0x00, 0x00, 0x00, 0x00, 0x00, 0x9F, 0xFF, 0xF6, 0x10, 0x00, 0x00, 0x00, 0x00, 0x00, 0x00, 0x4F,
    0xFF, 0xFF, 0xEB, 0x95, 0x30, 0x00, 0x00, 0x00, 0x00, 0x5F, 0xFF, 0xFF, 0xFF, 0xFF, 0xFE, 0xC0,
    0x00, 0x00, 0x00, 0xDF, 0x88, 0xAB, 0xCD, 0xDC, 0xBC, 0xB0, 0x00, 0x00, 0x09, 0xF4, 0x00, 0x00,
    0x01, 0x00, 0x00, 0x00, 0x00, 0x00, 0x4E, 0x30, 0x00, 0x00, 0x00, 0x00, 0x00, 0x00, 0x00, 0x01,
    0xA3, 0x00, 0x00, 0x00, 0x00, 0x00, 0x00, 0x00, 0x00, 0x03, 0x20, 0x00, 0x00, 0x00, 0x00, 0x00,
    0x00, 0x00, 0x00, 0x00, 0x00, 0x00, 0x00, 0x00, 0x00, 0x00, 0x00, 0x00, 0x00, 0x00, 0x00, 0x00,
    0x00, 0x00, 0x00, 0x00, 0x00, 0x00, 0x00, 0x00, 0x07, 0xE0, 0x00, 0x02, 0xB1, 0x00, 0x00, 0x00,
    0x00, 0x00, 0x06, 0xF4, 0x00, 0x01, 0xF6, 0x00, 0x00, 0x00, 0x00, 0x00, 0x05, 0xF8, 0x00, 0x00,
    0xBC, 0x00, 0x10, 0x00, 0x00, 0x00, 0x05, 0xFC, 0x00, 0x00, 0x8F, 0x69, 0x20, 0x00, 0x00, 0x00,
    0x04, 0xFF, 0x30, 0x00, 0x5F, 0xF7, 0x00, 0x00, 0x00, 0x00, 0x04, 0xFF, 0x70, 0x01, 0xCF, 0xFF,
    0xB5, 0x10, 0x00, 0x00, 0x02, 0xEF, 0xC0, 0x1C, 0xFE, 0x79, 0xCF, 0xC0, 0x00, 0x00, 0x00, 0xDF,
    0xE5, 0xCF, 0xE3, 0x00, 0x01, 0x30, 0x00, 0x00, 0x00, 0xBF, 0xFF, 0xFE, 0x30, 0x00, 0x00, 0x00,
    0x00, 0x00, 0x00, 0x8F, 0xFF, 0xF6, 0x00, 0x00, 0x00, 0x00, 0x00, 0x00, 0x00, 0x5F, 0xFF, 0xFD,
    0xB6, 0x20, 0x00, 0x00, 0x00, 0x00, 0x00, 0x9F, 0xFF, 0xFF, 0xFF, 0xFB, 0x73, 0x00, 0x00, 0x00,
    0x06, 0xFB, 0x69, 0xCE, 0xFF, 0xFF, 0xFF, 0xE0, 0x00, 0x00, 0x3F, 0x80, 0x00, 0x01, 0x35, 0x55,
    0x66, 0x70, 0x00, 0x02, 0xC6, 0x00, 0x00, 0x00, 0x00, 0x00, 0x00, 0x00, 0x00, 0x17, 0x30, 0x00,
    0x00, 0x00, 0x00, 0x00, 0x00, 0x00, 0x00, 0x11, 0x00, 0x00, 0x00, 0x00, 0x00, 0x00, 0x00, 0x00,
    0x00, 0x00, 0x00, 0x00, 0x00, 0x00, 0x00, 0x00, 0x00, 0x00, 0x00, 0x00, 0x00, 0x00, 0x00, 0x00,
    0x00, 0x00, 0x00, 0x00, 0x00, 0x00, 0x00, 0xAC, 0x00, 0x00, 0x36, 0x00, 0x00, 0x00, 0x00, 0x00,
    0x00, 0xAF, 0x10, 0x00, 0x5E, 0x00, 0x00, 0x00, 0x00, 0x00, 0x00, 0xBF, 0x30, 0x00, 0x3F, 0x40,
    0x00, 0x00, 0x00, 0x00, 0x00, 0xCF, 0x60, 0x00, 0x1F, 0x81, 0x50, 0x00, 0x00, 0x00, 0x00, 0xCF,
    0x90, 0x00, 0x0D, 0xEC, 0x30, 0x00, 0x00, 0x00, 0x00, 0xDF, 0xC0, 0x00, 0x5E, 0xFD, 0x40, 0x00,
    0x00, 0x00, 0x00, 0xBF, 0xE1, 0x07, 0xFF, 0xDE, 0xFC, 0x50, 0x00, 0x00, 0x00, 0xAF, 0xF6, 0xAF,
    0xF9, 0x02, 0x5A, 0xD0, 0x00, 0x00, 0x00, 0x9F, 0xFF, 0xFF, 0x70, 0x00, 0x00, 0x00, 0x00, 0x00,
    0x00, 0x7F, 0xFF, 0xF7, 0x00, 0x00, 0x00, 0x00, 0x00, 0x00, 0x00, 0x6F, 0xFF, 0xFB, 0x71, 0x00,
    0x00, 0x00, 0x00, 0x00, 0x02, 0xEF, 0xFF, 0xFF, 0xFE, 0x93, 0x00, 0x00, 0x00, 0x00, 0x1E, 0xE7,
    0x6A, 0xDF, 0xFF, 0xFF, 0xC6, 0x10, 0x00, 0x01, 0xDB, 0x20, 0x00, 0x13, 0x7B, 0xBD, 0xFF, 0xE0,
    0x00, 0x1A, 0x60, 0x00, 0x00, 0x00, 0x00, 0x00, 0x12, 0x30, 0x00, 0x32, 0x00, 0x00, 0x00, 0x00,
    0x00, 0x00, 0x00, 0x00, 0x00, 0x00, 0x00, 0x00, 0x00, 0x00, 0x00, 0x00, 0x00, 0x00, 0x00, 0x00,
    0x00, 0x00, 0x00, 0x00, 0x00, 0x00, 0x00, 0x00, 0x00, 0x00, 0x00, 0x00, 0x00, 0x00, 0x00, 0x00,
    0x00, 0x00, 0x00, 0x00, 0x00, 0x0E, 0x90, 0x00, 0x02, 0x10, 0x00, 0x00, 0x00, 0x00, 0x00, 0x1F,
    0xB0, 0x00, 0x0A, 0x90, 0x00, 0x00, 0x00, 0x00, 0x00, 0x3F, 0xC0, 0x00, 0x09, 0xC0, 0x00, 0x00,
    0x00, 0x00, 0x00, 0x5F, 0xD1, 0x00, 0x09, 0xE0, 0x00, 0x00, 0x00, 0x00, 0x00, 0x6F, 0xE2, 0x00,
    0x07, 0xF6, 0x82, 0x00, 0x00, 0x00, 0x00, 0x8F, 0xF3, 0x00, 0x0A, 0xFF, 0x50, 0x00, 0x00, 0x00,
    0x00, 0x7F, 0xF5, 0x03, 0xBF, 0xFF, 0xC3, 0x00, 0x00, 0x00, 0x00, 0x7F, 0xF7, 0x7E, 0xFE, 0x67,
    0xEF, 0xA0, 0x00, 0x00, 0x00, 0x8F, 0xFF, 0xFF, 0xB2, 0x00, 0x05, 0xB0, 0x00, 0x00, 0x00, 0x7F,
    0xFF, 0xF8, 0x00, 0x00, 0x00, 0x00, 0x00, 0x00, 0x00, 0x9F, 0xFF, 0xF9, 0x30, 0x00, 0x00, 0x00,
    0x00, 0x00, 0x08, 0xFF, 0xFF, 0xFF, 0xF9, 0x20, 0x00, 0x00, 0x00, 0x00, 0xAF, 0x93, 0x6B, 0xFF,
    0xFF, 0xE9, 0x20, 0x00, 0x00, 0x1A, 0xB3, 0x00, 0x00, 0x27, 0xCF, 0xFF, 0xF9, 0x30, 0x01, 0x64,
    0x00, 0x00, 0x00, 0x00, 0x02, 0x47, 0xBE, 0xA0, 0x00, 0x00, 0x00, 0x00, 0x00, 0x00, 0x00, 0x00,
    0x00, 0x00, 0x00, 0x00, 0x00, 0x00, 0x00, 0x00, 0x00, 0x00, 0x00, 0x00, 0x00, 0x00, 0x00, 0x00,
    0x00, 0x00, 0x00, 0x00, 0x00, 0x00, 0x00, 0x00, 0x00, 0x00, 0x00, 0x00, 0x00, 0x00, 0x00, 0x00,
    0x00, 0x00, 0x00, 0x02, 0xF6, 0x00, 0x00, 0x00, 0x00, 0x00, 0x00, 0x00, 0x00, 0x05, 0xF6, 0x00,
    0x00, 0x92, 0x00, 0x00, 0x00, 0x00, 0x00, 0x09, 0xF7, 0x00, 0x00, 0xF5, 0x00, 0x00, 0x00, 0x00,
    0x00, 0x0C, 0xF7, 0x00, 0x01, 0xF6, 0x00, 0x00, 0x00, 0x00, 0x00, 0x1E, 0xF8, 0x00, 0x01, 0xF8,
    0x12, 0x00, 0x00, 0x00, 0x00, 0x3F, 0xF8, 0x00, 0x03, 0xFD, 0xB4, 0x00, 0x00, 0x00, 0x00, 0x4F,
    0xF9, 0x00, 0x6D, 0xFF, 0x90, 0x00, 0x00, 0x00, 0x00, 0x5F, 0xFA, 0x5C, 0xFF, 0xDD, 0xFA, 0x10,
    0x00, 0x00, 0x00, 0x6F, 0xFF, 0xFF, 0xE7, 0x11, 0x7E, 0xE0, 0x00, 0x00, 0x00, 0x7F, 0xFF, 0xFA,
    0x20, 0x00, 0x01, 0x70, 0x00, 0x00, 0x02, 0xCF, 0xFF, 0xF6, 0x00, 0x00, 0x00, 0x00, 0x00, 0x00,
    0x4F, 0xFE, 0xFF, 0xFF, 0xB3, 0x00, 0x00, 0x00, 0x00, 0x08, 0xEA, 0x41, 0x6C, 0xFF, 0xFF, 0x81,
    0x00, 0x00, 0x02, 0x88, 0x20, 0x00, 0x00, 0x5C, 0xFF, 0xFD, 0x40, 0x00, 0x02, 0x10, 0x00, 0x00,
    0x00, 0x00, 0x48, 0xCF, 0xFA, 0x20, 0x00, 0x00, 0x00, 0x00, 0x00, 0x00, 0x00, 0x03, 0x7B, 0x30,
    0x00, 0x00, 0x00, 0x00, 0x00, 0x00, 0x00, 0x00, 0x00, 0x00, 0x00, 0x00, 0x00, 0x00, 0x00, 0x00,
    0x00, 0x00, 0x00, 0x00, 0x00, 0x00, 0x00, 0x00, 0x00, 0x00, 0x00, 0x00, 0x00, 0x00, 0x00, 0x00,
    0x00, 0x00, 0x5F, 0x20, 0x00, 0x00, 0x00, 0x00, 0x00, 0x00, 0x00, 0x00, 0xAF, 0x20, 0x00, 0x13,
    0x00, 0x00, 0x00, 0x00, 0x00, 0x01, 0xEF, 0x20, 0x00, 0x5D, 0x00, 0x00, 0x00, 0x00, 0x00, 0x05,
    0xFE, 0x10, 0x00, 0x7E, 0x00, 0x00, 0x00, 0x00, 0x00, 0x0A, 0xFD, 0x10, 0x00, 0x9E, 0x00, 0x00,
    0x00, 0x00, 0x00, 0x0C, 0xFD, 0x00, 0x00, 0xBE, 0x45, 0x10, 0x00, 0x00, 0x00, 0x1E, 0xFD, 0x00,
    0x17, 0xEF, 0xD4, 0x00, 0x00, 0x00, 0x00, 0x3F, 0xFC, 0x38, 0xEF, 0xFF, 0xD2, 0x00, 0x00, 0x00,
    0x00, 0x5F, 0xFE, 0xFF, 0xFC, 0x66, 0xEF, 0x40, 0x00, 0x00, 0x00, 0x8F, 0xFF, 0xFC, 0x50, 0x00,
    0x2A, 0xF0, 0x00, 0x00, 0x07, 0xFF, 0xFF, 0xE4, 0x00, 0x00, 0x00, 0x40, 0x00, 0x04, 0xDF, 0xDC,
    0xFF, 0xFE, 0x60, 0x00, 0x00, 0x00, 0x02, 0x8C, 0x93, 0x00, 0x7E, 0xFF, 0xFA, 0x10, 0x00, 0x00,
    0x04, 0x40, 0x00, 0x00, 0x02, 0x9F, 0xFF, 0xC3, 0x00, 0x00, 0x00, 0x00, 0x00, 0x00, 0x00, 0x04,
    0xAE, 0xFF, 0x60, 0x00, 0x00, 0x00, 0x00, 0x00, 0x00, 0x00, 0x02, 0x7D, 0xF9, 0x00, 0x00, 0x00,
    0x00, 0x00, 0x00, 0x00, 0x00, 0x00, 0x44, 0x00, 0x00, 0x00, 0x00, 0x00, 0x00, 0x00, 0x00, 0x00,
    0x00, 0x00, 0x00, 0x00, 0x00, 0x00, 0x00, 0x00, 0x00, 0x00, 0x00, 0x00, 0x00, 0x00, 0x00, 0x00,
    0x09, 0xE0, 0x00, 0x00, 0x00, 0x00, 0x00, 0x00, 0x00, 0x00, 0x1E, 0xC0, 0x00, 0x00, 0x00, 0x00,
    0x00, 0x00, 0x00, 0x00, 0x7F, 0xA0, 0x00, 0x07, 0x50, 0x00, 0x00, 0x00, 0x00, 0x00, 0xCF, 0x80,
    0x00, 0x0E, 0x70, 0x00, 0x00, 0x00, 0x00, 0x04, 0xFF, 0x60, 0x00, 0x2F, 0x60, 0x00, 0x00, 0x00,
    0x00, 0x08, 0xFF, 0x40, 0x10, 0x4F, 0x40, 0x00, 0x00, 0x00, 0x00, 0x0C, 0xFF, 0x20, 0x01, 0xAF,
    0xA8, 0x20, 0x00, 0x00, 0x00, 0x2E, 0xFD, 0x25, 0xAE, 0xFF, 0xE2, 0x00, 0x00, 0x00, 0x00, 0x5F,
    0xFF, 0xEF, 0xFF, 0xCD, 0xF7, 0x00, 0x00, 0x00, 0x00, 0xAF, 0xFF, 0xFE, 0x94, 0x01, 0x9F, 0x70,
    0x00, 0x00, 0x5D, 0xFF, 0xFF, 0xE3, 0x00, 0x00, 0x06, 0xF0, 0x01, 0x5C, 0xFC, 0x9C, 0xFF, 0xFC,
    0x20, 0x00, 0x00, 0x20, 0x16, 0x75, 0x10, 0x00, 0x8F, 0xFF, 0xD3, 0x00, 0x00, 0x00, 0x00, 0x00,
    0x00, 0x00, 0x04, 0xDF, 0xFE, 0x30, 0x00, 0x00, 0x00, 0x00, 0x00, 0x00, 0x00, 0x19, 0xFF, 0xF5,
    0x00, 0x00, 0x00, 0x00, 0x00, 0x00, 0x00, 0x00, 0x39, 0xFF, 0x60, 0x00, 0x00, 0x00, 0x00, 0x00,
    0x00, 0x00, 0x00, 0x3A, 0xE3, 0x00, 0x00, 0x00, 0x00, 0x00, 0x00, 0x00, 0x00, 0x00, 0x10, 0x00,
    0x00, 0x00, 0x00, 0x00, 0x00, 0x00, 0x00, 0x00, 0x00, 0x00, 0x00, 0x00, 0x00, 0x00, 0x00, 0xDC,
    0x00, 0x00, 0x00, 0x00, 0x00, 0x00, 0x00, 0x00, 0x04, 0xF8, 0x00, 0x00, 0x00, 0x00, 0x00, 0x00,
    0x00, 0x00, 0x0D, 0xF5, 0x00, 0x00, 0x20, 0x00, 0x00, 0x00, 0x00, 0x00, 0x6F, 0xE2, 0x00, 0x03,
    0xE1, 0x00, 0x00, 0x00, 0x00, 0x00, 0xDF, 0xC0, 0x00, 0x08, 0xE0, 0x00, 0x00, 0x00, 0x00, 0x03,
    0xFF, 0x90, 0x00, 0x0D, 0xB0, 0x00, 0x00, 0x00, 0x00, 0x09, 0xFF, 0x60, 0x00, 0x3F, 0x91, 0x10,
    0x00, 0x00, 0x00, 0x1E, 0xFF, 0x32, 0x59, 0xDF, 0xDA, 0x30, 0x00, 0x00, 0x00, 0x4F, 0xFF, 0xDF,
    0xFF, 0xFF, 0xE2, 0x00, 0x00, 0x00, 0x04, 0xCF, 0xFF, 0xFF, 0xC9, 0x56, 0xFB, 0x00, 0x00, 0x27,
    0xDF, 0xFF, 0xFF, 0xD3, 0x00, 0x00, 0x5F, 0xA0, 0x26, 0xAB, 0x97, 0x5B, 0xFF, 0xF8, 0x00, 0x00,
    0x04, 0xD0, 0x12, 0x00, 0x00, 0x00, 0xAF, 0xFF, 0x70, 0x00, 0x00, 0x00, 0x00, 0x00, 0x00, 0x00,
    0x07, 0xFF, 0xF6, 0x00, 0x00, 0x00, 0x00, 0x00, 0x00, 0x00, 0x00, 0x6E, 0xFF, 0x50, 0x00, 0x00,
    0x00, 0x00, 0x00, 0x00, 0x00, 0x02, 0xAF, 0xF4, 0x00, 0x00, 0x00, 0x00, 0x00, 0x00, 0x00, 0x00,
    0x05, 0xDF, 0x50, 0x00, 0x00, 0x00, 0x00, 0x00, 0x00, 0x00, 0x00, 0x17, 0x50, 0x00, 0x00, 0x00,
    0x00, 0x00, 0x00, 0x00, 0x00, 0x00, 0x00, 0x00, 0x00, 0x00, 0x00, 0x00, 0x00, 0x1E, 0xA0, 0x00,
    0x00, 0x00, 0x00, 0x00, 0x00, 0x00, 0x00, 0x9F, 0x40, 0x00, 0x00, 0x00, 0x00, 0x00, 0x00, 0x00,
    0x04, 0xFE, 0x10, 0x00, 0x00, 0x00, 0x00, 0x00, 0x00, 0x00, 0x1C, 0xF9, 0x00, 0x00, 0x44, 0x00,
    0x00, 0x00, 0x00, 0x00, 0x7F, 0xF5, 0x00, 0x00, 0xE7, 0x00, 0x00, 0x00, 0x00, 0x01, 0xDF, 0xE1,
    0x00, 0x04, 0xF3, 0x00, 0x00, 0x00, 0x00, 0x06, 0xFF, 0xA0, 0x00, 0x0B, 0xE0, 0x00, 0x00, 0x00,
    0x00, 0x0D, 0xFF, 0x50, 0x23, 0x6F, 0xC5, 0x30, 0x00, 0x00, 0x00, 0x5F, 0xFF, 0xCD, 0xEF, 0xFF,
    0xE9, 0x30, 0x00, 0x01, 0x49, 0xEF, 0xFF, 0xFF, 0xFD, 0xBD, 0xF3, 0x00, 0x25, 0x9D, 0xFF, 0xFF,
    0xFF, 0xD5, 0x21, 0x02, 0xDE, 0x10, 0x24, 0x43, 0x22, 0x2B, 0xFF, 0xE3, 0x00, 0x00, 0x2E, 0xB0,
    0x00, 0x00, 0x00, 0x01, 0xBF, 0xFE, 0x20, 0x00, 0x03, 0xB0, 0x00, 0x00, 0x00, 0x00, 0x1B, 0xFF,
    0xB0, 0x00, 0x00, 0x00, 0x00, 0x00, 0x00, 0x00, 0x01, 0xCF, 0xF8, 0x00, 0x00, 0x00, 0x00, 0x00,
    0x00, 0x00, 0x00, 0x19, 0xFF, 0x50, 0x00, 0x00, 0x00, 0x00, 0x00, 0x00, 0x00, 0x00, 0x5E, 0xF3,
    0x00, 0x00, 0x00, 0x00, 0x00, 0x00, 0x00, 0x00, 0x02, 0xCC, 0x10, 0x00, 0x00, 0x00, 0x00, 0x00,
    0x00, 0x00, 0x00, 0x02, 0x00, 0x00, 0x00, 0x00, 0x00, 0x00, 0x00, 0x02, 0xE8, 0x00, 0x00, 0x00,
    0x00, 0x00, 0x00, 0x00, 0x00, 0x0B, 0xF2, 0x00, 0x00, 0x00, 0x00, 0x00, 0x00, 0x00, 0x00, 0x9F,
    0xA0, 0x00, 0x00, 0x00, 0x00, 0x00, 0x00, 0x00, 0x06, 0xFF, 0x40, 0x00, 0x00, 0x00, 0x00, 0x00,
    0x00, 0x00, 0x2F, 0xFC, 0x00, 0x00, 0x2B, 0x10, 0x00, 0x00, 0x00, 0x00, 0xAF, 0xF6, 0x00, 0x00,
    0xBC, 0x00, 0x00, 0x00, 0x00, 0x03, 0xFF, 0xE1, 0x00, 0x03, 0xF6, 0x00, 0x00, 0x00, 0x00, 0x0C,
    0xFF, 0x80, 0x00, 0x1B, 0xE0, 0x00, 0x00, 0x00, 0x00, 0x6F, 0xFF, 0xCA, 0xBC, 0xDF, 0xE9, 0x50,
    0x12, 0x58, 0xBE, 0xFF, 0xFF, 0xFF, 0xFF, 0xFF, 0xE6, 0x20, 0x47, 0x9A, 0xBB, 0xCF, 0xFF, 0xC8,
    0x54, 0x38, 0xF5, 0x00, 0x00, 0x00, 0x00, 0x0C, 0xFF, 0xC0, 0x00, 0x00, 0xBE, 0x10, 0x00, 0x00,
    0x00, 0x01, 0xDF, 0xF9, 0x00, 0x00, 0x1E, 0x90, 0x00, 0x00, 0x00, 0x00, 0x3E, 0xFF, 0x40, 0x00,
    0x03, 0x60, 0x00, 0x00, 0x00, 0x00, 0x05, 0xFF, 0xD1, 0x00, 0x00, 0x00, 0x00, 0x00, 0x00, 0x00,
    0x00, 0x6F, 0xF8, 0x00, 0x00, 0x00, 0x00, 0x00, 0x00, 0x00, 0x00, 0x04, 0xEF, 0x30, 0x00, 0x00,
    0x00, 0x00, 0x00, 0x00, 0x00, 0x00, 0x3D, 0xD1, 0x00, 0x00, 0x00, 0x00, 0x00, 0x00, 0x00, 0x00,
    0x02, 0x92, 0x00, 0x00, 0x00, 0x00, 0x00, 0x00, 0x00, 0x00, 0x2E, 0x60, 0x00, 0x00, 0x00, 0x00,
    0x00, 0x00, 0x00, 0x01, 0xDE, 0x10, 0x00, 0x00, 0x00, 0x00, 0x00, 0x00, 0x00, 0x1C, 0xF6, 0x00,
    0x00, 0x00, 0x00, 0x00, 0x00, 0x00, 0x01, 0xBF, 0xD1, 0x00, 0x00, 0x00, 0x00, 0x00, 0x00, 0x00,
    0x0A, 0xFF, 0x60, 0x00, 0x01, 0x10, 0x00, 0x00, 0x00, 0x00, 0x5F, 0xFC, 0x00, 0x00, 0x1D, 0x50,
    0x00, 0x00, 0x00, 0x02, 0xEF, 0xF5, 0x00, 0x00, 0x9E, 0x10, 0x00, 0x00, 0x00, 0x0B, 0xFF, 0xB0,
    0x00, 0x04, 0xF7, 0x00, 0x00, 0x01, 0x24, 0x8F, 0xFF, 0xB8, 0x77, 0x7D, 0xE2, 0x00, 0x48, 0xBE,
    0xFF, 0xFF, 0xFF, 0xFF, 0xFF, 0xFF, 0xEB, 0x60, 0x01, 0x12, 0x46, 0xAF, 0xFF, 0xCA, 0x99, 0x9E,
    0xE3, 0x00, 0x00, 0x00, 0x00, 0x0C, 0xFF, 0xA0, 0x00, 0x05, 0xF6, 0x00, 0x00, 0x00, 0x00, 0x03,
    0xFF, 0xF4, 0x00, 0x00, 0xBD, 0x00, 0x00, 0x00, 0x00, 0x00, 0x7F, 0xFB, 0x00, 0x00, 0x1E, 0x50,
    0x00, 0x00, 0x00, 0x00, 0x0B, 0xFF, 0x50, 0x00, 0x03, 0x20, 0x00, 0x00, 0x00, 0x00, 0x01, 0xCF,
    0xC0, 0x00, 0x00, 0x00, 0x00, 0x00, 0x00, 0x00, 0x00, 0x1C, 0xF5, 0x00, 0x00, 0x00, 0x00, 0x00,
    0x00, 0x00, 0x00, 0x02, 0xDD, 0x10, 0x00, 0x00, 0x00, 0x00, 0x00, 0x00, 0x00, 0x00, 0x3E, 0x60,
    0x00, 0x00, 0x00, 0x00, 0x00, 0x00, 0x00, 0x00, 0x02, 0x82, 0x00, 0x00, 0x00, 0x00, 0x00, 0x00,
    0x00, 0x00, 0x2D, 0xE1, 0x00, 0x00, 0x00, 0x00, 0x00, 0x00, 0x00, 0x04, 0xDF, 0x40, 0x00, 0x00,
    0x00, 0x00, 0x00, 0x00, 0x00, 0x4E, 0xF9, 0x00, 0x00, 0x00, 0x00, 0x00, 0x00, 0x00, 0x04, 0xFF,
    0xD1, 0x00, 0x00, 0x00, 0x00, 0x00, 0x00, 0x00, 0x2E, 0xFF, 0x50, 0x00, 0x02, 0x50, 0x00, 0x00,
    0x00, 0x01, 0xCF, 0xFA, 0x00, 0x00, 0x0D, 0xA0, 0x00, 0x00, 0x00, 0x0A, 0xFF, 0xD1, 0x00, 0x00,
    0xAF, 0x10, 0x36, 0x89, 0x99, 0xBF, 0xFF, 0xC6, 0x43, 0x27, 0xF6, 0x00, 0x13, 0x7A, 0xDF, 0xFF,
    0xFF, 0xFF, 0xFF, 0xFF, 0xE5, 0x10, 0x00, 0x00, 0x01, 0x8F, 0xFF, 0xDC, 0xDE, 0xFF, 0xEA, 0x50,
    0x00, 0x00, 0x00, 0x0D, 0xFF, 0x70, 0x01, 0x2C, 0xE0, 0x00, 0x00, 0x00, 0x00, 0x05, 0xFF, 0xD1,
    0x00, 0x04, 0xF5, 0x00, 0x00, 0x00, 0x00, 0x00, 0xBF, 0xF5, 0x00, 0x00, 0xCB, 0x00, 0x00, 0x00,
    0x00, 0x00, 0x3F, 0xFB, 0x00, 0x00, 0x3C, 0x00, 0x00, 0x00, 0x00, 0x00, 0x07, 0xFF, 0x30, 0x00,
    0x00, 0x00, 0x00, 0x00, 0x00, 0x00, 0x00, 0x9F, 0x90, 0x00, 0x00, 0x00, 0x00, 0x00, 0x00, 0x00,
    0x00, 0x0D, 0xE1, 0x00, 0x00, 0x00, 0x00, 0x00, 0x00, 0x00, 0x00, 0x02, 0xE7, 0x00, 0x00, 0x00,
    0x00, 0x00, 0x00, 0x00, 0x00, 0x00, 0x00, 0x01, 0x00, 0x00, 0x00, 0x00, 0x00, 0x00, 0x00, 0x00,
    0x02, 0xCC, 0x00, 0x00, 0x00, 0x00, 0x00, 0x00, 0x00, 0x00, 0x5D, 0xF4, 0x00, 0x00, 0x00, 0x00,
    0x00, 0x00, 0x00, 0x08, 0xFF, 0x60, 0x00, 0x00, 0x00, 0x00, 0x00, 0x00, 0x00, 0xAF, 0xF9, 0x00,
    0x00, 0x00, 0x00, 0x00, 0x00, 0x00, 0x0A, 0xFF, 0xC1, 0x00, 0x00, 0x00, 0x00, 0x00, 0x00, 0x00,
    0xAF, 0xFE, 0x20, 0x00, 0x02, 0x90, 0x23, 0x21, 0x10, 0x1A, 0xFF, 0xE4, 0x00, 0x00, 0x1D, 0xC0,
    0x26, 0xAE, 0xFE, 0xEF, 0xFF, 0xC3, 0x10, 0x01, 0xCE, 0x10, 0x00, 0x02, 0x6B, 0xFF, 0xFF, 0xFF,
    0xEC, 0x9C, 0xF4, 0x00, 0x00, 0x00, 0x00, 0x6F, 0xFF, 0xEE, 0xFF, 0xFF, 0xE8, 0x20, 0x00, 0x00,
    0x00, 0x1D, 0xFF, 0x51, 0x35, 0x8F, 0xC6, 0x30, 0x00, 0x00, 0x00, 0x07, 0xFF, 0x90, 0x00, 0x0C,
    0xD0, 0x00, 0x00, 0x00, 0x00, 0x01, 0xEF, 0xD1, 0x00, 0x05, 0xF2, 0x00, 0x00, 0x00, 0x00, 0x00,
    0x8F, 0xF4, 0x00, 0x00, 0xE6, 0x00, 0x00, 0x00, 0x00, 0x00, 0x1D, 0xF9, 0x00, 0x00, 0x65, 0x00,
    0x00, 0x00, 0x00, 0x00, 0x04, 0xFD, 0x00, 0x00, 0x00, 0x00, 0x00, 0x00, 0x00, 0x00, 0x00, 0xAF,
    0x30, 0x00, 0x00, 0x00, 0x00, 0x00, 0x00, 0x00, 0x00, 0x1E, 0x90, 0x00, 0x00, 0x00, 0x00, 0x00,
    0x00, 0x00, 0x00, 0x00, 0x00, 0x00, 0x00, 0x00, 0x00, 0x00, 0x00, 0x00, 0x00, 0x00, 0x00, 0x07,
    0x50, 0x00, 0x00, 0x00, 0x00, 0x00, 0x00, 0x00, 0x04, 0xCF, 0x60, 0x00, 0x00, 0x00, 0x00, 0x00,
    0x00, 0x01, 0x9F, 0xF5, 0x00, 0x00, 0x00, 0x00, 0x00, 0x00, 0x00, 0x4E, 0xFF, 0x60, 0x00, 0x00,
    0x00, 0x00, 0x00, 0x00, 0x06, 0xFF, 0xF7, 0x00, 0x00, 0x00, 0x11, 0x00, 0x00, 0x00, 0x8F, 0xFF,
    0x80, 0x00, 0x00, 0x00, 0x27, 0xA9, 0x75, 0x3A, 0xFF, 0xF9, 0x00, 0x00, 0x03, 0xC0, 0x00, 0x39,
    0xEF, 0xFF, 0xFF, 0xD2, 0x00, 0x00, 0x4E, 0xB0, 0x00, 0x00, 0x15, 0xDF, 0xFF, 0xFE, 0xB7, 0x35,
    0xFC, 0x00, 0x00, 0x00, 0x00, 0x6F, 0xFF, 0xEF, 0xFF, 0xFF, 0xE2, 0x00, 0x00, 0x00, 0x00, 0x1E,
    0xFE, 0x43, 0x7B, 0xEF, 0xE9, 0x20, 0x00, 0x00, 0x00, 0x0A, 0xFF, 0x50, 0x00, 0x4F, 0x93, 0x20,
    0x00, 0x00, 0x00, 0x05, 0xFF, 0x80, 0x10, 0x0E, 0xA0, 0x00, 0x00, 0x00, 0x00, 0x01, 0xEF, 0xC0,
    0x00, 0x09, 0xD0, 0x00, 0x00, 0x00, 0x00, 0x00, 0x7F, 0xE1, 0x00, 0x04, 0xE0, 0x00, 0x00, 0x00,
    0x00, 0x00, 0x0D, 0xF4, 0x00, 0x00, 0x30, 0x00, 0x00, 0x00, 0x00, 0x00, 0x05, 0xF7, 0x00, 0x00,
    0x00, 0x00, 0x00, 0x00, 0x00, 0x00, 0x00, 0xDB, 0x00, 0x00, 0x00, 0x00, 0x00, 0x00, 0x00, 0x00,
    0x00, 0x00, 0x00, 0x00, 0x00, 0x00, 0x00, 0x00, 0x00, 0x00, 0x00, 0x00, 0x00, 0x00, 0x00, 0x00,
    0x00, 0x00, 0x00, 0x00, 0x00, 0x00, 0x00, 0x29, 0xE3, 0x00, 0x00, 0x00, 0x00, 0x00, 0x00, 0x00,
    0x29, 0xEF, 0x70, 0x00, 0x00, 0x00, 0x00, 0x00, 0x00, 0x08, 0xEF, 0xF5, 0x00, 0x00, 0x00, 0x00,
    0x00, 0x00, 0x03, 0xCF, 0xFE, 0x40, 0x00, 0x00, 0x26, 0x63, 0x00, 0x00, 0x7F, 0xFF, 0xD3, 0x00,
    0x00, 0x00, 0x01, 0x7D, 0xEB, 0x7A, 0xFF, 0xFD, 0x30, 0x00, 0x00, 0x10, 0x00, 0x01, 0x7E, 0xFF,
    0xFF, 0xE2, 0x00, 0x00, 0x05, 0xE0, 0x00, 0x00, 0x01, 0xBF, 0xFF, 0xFD, 0x72, 0x00, 0x8F, 0x80,
    0x00, 0x00, 0x00, 0x6F, 0xFF, 0xFF, 0xFF, 0xBC, 0xF8, 0x00, 0x00, 0x00, 0x00, 0x2F, 0xFD, 0x36,
    0xBF, 0xFF, 0xD1, 0x00, 0x00, 0x00, 0x00, 0x0D, 0xFE, 0x10, 0x03, 0xBF, 0xB9, 0x20, 0x00, 0x00,
    0x00, 0x09, 0xFF, 0x30, 0x00, 0x5F, 0x30, 0x10, 0x00, 0x00, 0x00, 0x05, 0xFF, 0x50, 0x00, 0x2F,
    0x50, 0x00, 0x00, 0x00, 0x00, 0x01, 0xDF, 0x70, 0x00, 0x0E, 0x60, 0x00, 0x00, 0x00, 0x00, 0x00,
    0x7F, 0x90, 0x00, 0x09, 0x50, 0x00, 0x00, 0x00, 0x00, 0x00, 0x1F, 0xB0, 0x00, 0x00, 0x00, 0x00,
    0x00, 0x00, 0x00, 0x00, 0x0A, 0xE0, 0x00, 0x00, 0x00, 0x00, 0x00, 0x00, 0x00, 0x00, 0x00, 0x00,
    0x00, 0x00, 0x00, 0x00, 0x00, 0x00, 0x00, 0x00, 0x00, 0x00, 0x00, 0x00, 0x00, 0x00, 0x00, 0x00,
    0x00, 0x00, 0x00, 0x00, 0x00, 0x00, 0x44, 0x00, 0x00, 0x00, 0x00, 0x00, 0x00, 0x00, 0x02, 0x6B,
    0xFA, 0x00, 0x00, 0x00, 0x00, 0x00, 0x00, 0x03, 0x9E, 0xFF, 0x70, 0x00, 0x04, 0x20, 0x00, 0x00,
    0x01, 0x8E, 0xFF, 0xD4, 0x00, 0x00, 0x02, 0x9B, 0x62, 0x00, 0x6D, 0xFF, 0xFA, 0x10, 0x00, 0x00,
    0x00, 0x06, 0xEF, 0xBB, 0xFF, 0xFF, 0x70, 0x00, 0x00, 0x00, 0x00, 0x00, 0x19, 0xFF, 0xFF, 0xE4,
    0x00, 0x00, 0x00, 0x30, 0x00, 0x00, 0x00, 0x9F, 0xFF, 0xEA, 0x40, 0x00, 0x19, 0xF0, 0x00, 0x00,
    0x00, 0x6F, 0xFF, 0xFF, 0xFB, 0x45, 0xEF, 0x50, 0x00, 0x00, 0x00, 0x4F, 0xFB, 0x5A, 0xFF, 0xFF,
    0xD3, 0x00, 0x00, 0x00, 0x00, 0x2E, 0xFC, 0x00, 0x39, 0xEF, 0xC2, 0x00, 0x00, 0x00, 0x00, 0x0D,
    0xFC, 0x00, 0x00, 0xCE, 0x66, 0x10, 0x00, 0x00, 0x00, 0x0B, 0xFD, 0x00, 0x00, 0xAE, 0x00, 0x00,
    0x00, 0x00, 0x00, 0x06, 0xFD, 0x10, 0x00, 0x8D, 0x00, 0x00, 0x00, 0x00, 0x00, 0x01, 0xEE, 0x10,
    0x00, 0x6D, 0x00, 0x00, 0x00, 0x00, 0x00, 0x00, 0xBF, 0x10, 0x00, 0x24, 0x00, 0x00, 0x00, 0x00,
    0x00, 0x00, 0x6F, 0x20, 0x00, 0x00, 0x00, 0x00, 0x00, 0x00, 0x00, 0x00, 0x00, 0x00, 0x00, 0x00,
    0x00, 0x00, 0x00, 0x00, 0x00, 0x00, 0x00, 0x00, 0x00, 0x00, 0x00, 0x00, 0x00, 0x00, 0x00, 0x00,
    0x00, 0x00, 0x00, 0x00, 0x00, 0x00, 0x00, 0x00, 0x00, 0x00, 0x00, 0x00, 0x00, 0x02, 0x6A, 0x20,
    0x02, 0x00, 0x00, 0x00, 0x00, 0x00, 0x37, 0xCF, 0xFB, 0x20, 0x02, 0x86, 0x10, 0x00, 0x00, 0x4B,
    0xFF, 0xFE, 0x50, 0x00, 0x00, 0x1A, 0xE8, 0x20, 0x5C, 0xFF, 0xFF, 0x91, 0x00, 0x00, 0x00, 0x00,
    0x7F, 0xFD, 0xFF, 0xFF, 0xC4, 0x00, 0x00, 0x00, 0x00, 0x00, 0x03, 0xDF, 0xFF, 0xE7, 0x00, 0x00,
    0x00, 0x00, 0x00, 0x00, 0x00, 0x8F, 0xFF, 0xE8, 0x10, 0x00, 0x00, 0x60, 0x00, 0x00, 0x00, 0x7F,
    0xFF, 0xFF, 0xD5, 0x00, 0x6D, 0xE0, 0x00, 0x00, 0x00, 0x6F, 0xF9, 0x6D, 0xFF, 0xBC, 0xFB, 0x10,
    0x00, 0x00, 0x00, 0x5F, 0xF8, 0x01, 0x8E, 0xFF, 0x80, 0x00, 0x00, 0x00, 0x00, 0x4F, 0xF7, 0x00,
    0x04, 0xFD, 0xB3, 0x00, 0x00, 0x00, 0x00, 0x2F, 0xF7, 0x00, 0x02, 0xF7, 0x23, 0x00, 0x00, 0x00,
    0x00, 0x0C, 0xF6, 0x00, 0x02, 0xF5, 0x00, 0x00, 0x00, 0x00, 0x00, 0x09, 0xF6, 0x00, 0x01, 0xF4,
    0x00, 0x00, 0x00, 0x00, 0x00, 0x06, 0xF5, 0x00, 0x01, 0xA2, 0x00, 0x00, 0x00, 0x00, 0x00, 0x03,
    0xF5, 0x00, 0x00, 0x00, 0x00, 0x00, 0x00, 0x00, 0x00, 0x00, 0x00, 0x00, 0x00, 0x00, 0x00, 0x00,
    0x00, 0x00, 0x00, 0x00, 0x00, 0x00, 0x00, 0x00, 0x00, 0x00, 0x00, 0x00, 0x00, 0x00, 0x00, 0x00,
    0x00, 0x00, 0x00, 0x00, 0x00, 0x00, 0x00, 0x00, 0x00, 0x00, 0x00, 0x00, 0x00, 0x00, 0x01, 0x63,
    0x00, 0x00, 0x00, 0x00, 0x01, 0x47, 0xAE, 0xA0, 0x00, 0x3B, 0x91, 0x00, 0x00, 0x26, 0xBE, 0xFF,
    0xFA, 0x40, 0x00, 0x01, 0xCE, 0x72, 0x5A, 0xEF, 0xFF, 0xFA, 0x30, 0x00, 0x00, 0x00, 0x0B, 0xFE,
    0xFF, 0xFF, 0xFA, 0x30, 0x00, 0x00, 0x00, 0x00, 0x00, 0xBF, 0xFF, 0xF9, 0x40, 0x00, 0x00, 0x00,
    0x00, 0x00, 0x00, 0x8F, 0xFF, 0xE6, 0x00, 0x00, 0x00, 0x00, 0x00, 0x00, 0x00, 0x9F, 0xFF, 0xFF,
    0x91, 0x00, 0x04, 0xA0, 0x00, 0x00, 0x00, 0x8F, 0xF7, 0x9F, 0xFD, 0x46, 0xDF, 0xA0, 0x00, 0x00,
    0x00, 0x8F, 0xF4, 0x05, 0xDF, 0xFF, 0xD4, 0x00, 0x00, 0x00, 0x00, 0x9F, 0xF2, 0x00, 0x1B, 0xFF,
    0x30, 0x00, 0x00, 0x00, 0x00, 0x8F, 0xE1, 0x00, 0x09, 0xF7, 0x91, 0x00, 0x00, 0x00, 0x00, 0x5F,
    0xD0, 0x00, 0x0A, 0xE0, 0x01, 0x00, 0x00, 0x00, 0x00, 0x3F, 0xB0, 0x00, 0x0A, 0xB0, 0x00, 0x00,
    0x00, 0x00, 0x00, 0x2F, 0xA0, 0x00, 0x0B, 0x80, 0x00, 0x00, 0x00, 0x00, 0x00, 0x0E, 0x80, 0x00,
    0x03, 0x20, 0x00, 0x00, 0x00, 0x00, 0x00, 0x00, 0x00, 0x00, 0x00, 0x00, 0x00, 0x00, 0x00, 0x00,
    0x00, 0x00, 0x00, 0x00, 0x00, 0x00, 0x00, 0x00, 0x00, 0x00, 0x00, 0x00, 0x00, 0x00, 0x00, 0x00,
    0x00, 0x00, 0x00, 0x31, 0x00, 0x00, 0x00, 0x00, 0x00, 0x00, 0x00, 0x00, 0x00, 0x2A, 0x40, 0x00,
    0x00, 0x00, 0x00, 0x00, 0x12, 0x30, 0x00, 0x03, 0xE8, 0x10, 0x00, 0x02, 0x69, 0xBD, 0xEF, 0xF0,
    0x00, 0x00, 0x3F, 0xD5, 0x49, 0xCF, 0xFF, 0xFF, 0xD7, 0x20, 0x00, 0x00, 0x04, 0xFF, 0xFF, 0xFF,
    0xFE, 0xA4, 0x00, 0x00, 0x00, 0x00, 0x00, 0x8F, 0xFF, 0xFC, 0x82, 0x00, 0x00, 0x00, 0x00, 0x00,
    0x00, 0x8F, 0xFF, 0xF5, 0x00, 0x00, 0x00, 0x00, 0x00, 0x00, 0x00, 0xAF, 0xFF, 0xFE, 0x50, 0x00,
    0x00, 0x00, 0x00, 0x00, 0x00, 0xBF, 0xF6, 0xCF, 0xF7, 0x01, 0x4A, 0xC0, 0x00, 0x00, 0x00, 0xCF,
    0xE0, 0x09, 0xFF, 0xCE, 0xFD, 0x60, 0x00, 0x00, 0x01, 0xDF, 0xB0, 0x00, 0x7E, 0xFD, 0x50, 0x00,
    0x00, 0x00, 0x00, 0xDF, 0x90, 0x00, 0x0E, 0xEC, 0x10, 0x00, 0x00, 0x00, 0x00, 0xCF, 0x50, 0x00,
    0x2F, 0x73, 0x50, 0x00, 0x00, 0x00, 0x00, 0xBF, 0x20, 0x00, 0x3F, 0x30, 0x00, 0x00, 0x00, 0x00,
    0x00, 0xCE, 0x00, 0x00, 0x6E, 0x00, 0x00, 0x00, 0x00, 0x00, 0x00, 0xBB, 0x00, 0x00, 0x47, 0x00,
    0x00, 0x00, 0x00, 0x00, 0x00, 0x00, 0x00, 0x00, 0x00, 0x00, 0x00, 0x00, 0x00, 0x00, 0x00, 0x00,
    0x00, 0x00, 0x00, 0x00, 0x00, 0x00, 0x00, 0x10, 0x00, 0x00, 0x00, 0x00, 0x00, 0x00, 0x00, 0x00,
    0x00, 0x17, 0x20, 0x00, 0x00, 0x00, 0x00, 0x00, 0x00, 0x00, 0x00, 0x03, 0xC4, 0x00, 0x00, 0x00,
    0x00, 0x00, 0x00, 0x00, 0x00, 0x00, 0x5F, 0x60, 0x00, 0x00, 0x24, 0x45, 0x56, 0x70, 0x00, 0x00,
    0x08, 0xF9, 0x58, 0xBD, 0xEF, 0xFF, 0xFF, 0xF0, 0x00, 0x00, 0x00, 0xBF, 0xFF, 0xFF, 0xFF, 0xFC,
    0x84, 0x10, 0x00, 0x00, 0x00, 0x6F, 0xFF, 0xFE, 0xC7, 0x30, 0x00, 0x00, 0x00, 0x00, 0x00, 0x9F,
    0xFF, 0xF5, 0x00, 0x00, 0x00, 0x00, 0x00, 0x00, 0x00, 0xCF, 0xFF, 0xFC, 0x10, 0x00, 0x00, 0x00,
    0x00, 0x00, 0x01, 0xEF, 0xE6, 0xEF, 0xC1, 0x00, 0x00, 0x20, 0x00, 0x00, 0x03, 0xFF, 0xB0, 0x3E,
    0xFC, 0x58, 0xBE, 0xB0, 0x00, 0x00, 0x05, 0xFF, 0x60, 0x03, 0xDF, 0xFF, 0xC6, 0x10, 0x00, 0x00,
    0x05, 0xFF, 0x20, 0x00, 0x6F, 0xF6, 0x00, 0x00, 0x00, 0x00, 0x05, 0xFC, 0x00, 0x00, 0x9F, 0x79,
    0x10, 0x00, 0x00, 0x00, 0x06, 0xF7, 0x00, 0x00, 0xDC, 0x01, 0x10, 0x00, 0x00, 0x00, 0x07, 0xF3,
    0x00, 0x01, 0xF5, 0x00, 0x00, 0x00, 0x00, 0x00, 0x07, 0xE0, 0x00, 0x03, 0xC1, 0x00, 0x00, 0x00,
    0x00, 0x00, 0x00, 0x00, 0x00, 0x00, 0x00, 0x00, 0x00, 0x00, 0x00, 0x00, 0x00, 0x00, 0x00, 0x00,
    0x00, 0x00, 0x00, 0x00, 0x00, 0x03, 0x10, 0x00, 0x00, 0x00, 0x00, 0x00, 0x00, 0x00, 0x00, 0x02,
    0xA1, 0x00, 0x00, 0x00, 0x00, 0x00, 0x00, 0x00, 0x00, 0x00, 0x6D, 0x10, 0x00, 0x00, 0x00, 0x00,
    0x00, 0x00, 0x00, 0x00, 0x0B, 0xD2, 0x00, 0x00, 0x00, 0x00, 0x00, 0x00, 0x00, 0x00, 0x01, 0xFE,
    0x67, 0x9A, 0xBD, 0xCC, 0xBA, 0xA0, 0x00, 0x00, 0x00, 0x7F, 0xFF, 0xFF, 0xFF, 0xFF, 0xFF, 0xC0,
    0x00, 0x00, 0x00, 0x5F, 0xFF, 0xFF, 0xEC, 0x96, 0x31, 0x00, 0x00, 0x00, 0x00, 0xAF, 0xFF, 0xF6,
    0x20, 0x00, 0x00, 0x00, 0x00, 0x00, 0x01, 0xDF, 0xFF, 0xFA, 0x00, 0x00, 0x00, 0x00, 0x00, 0x00,
    0x03, 0xFF, 0xC7, 0xFF, 0x70, 0x00, 0x00, 0x00, 0x00, 0x00, 0x07, 0xFF, 0x70, 0x7F, 0xF5, 0x01,
    0x35, 0x30, 0x00, 0x00, 0x0B, 0xFE, 0x10, 0x09, 0xFF, 0xDF, 0xFE, 0x60, 0x00, 0x00, 0x0B, 0xF9,
    0x00, 0x00, 0xDF, 0xE8, 0x40, 0x00, 0x00, 0x00, 0x0D, 0xF3, 0x00, 0x01, 0xED, 0xC1, 0x00, 0x00,
    0x00, 0x00, 0x1F, 0xC0, 0x00, 0x05, 0xF4, 0x35, 0x00, 0x00, 0x00, 0x00, 0x2F, 0x60, 0x00, 0x0B,
    0xC0, 0x00, 0x00, 0x00, 0x00, 0x00, 0x3E, 0x10, 0x00, 0x0E, 0x40, 0x00, 0x00, 0x00, 0x00, 0x00,
    0x00, 0x00, 0x00, 0x00, 0x00, 0x00, 0x00, 0x00, 0x00, 0x00, 0x00, 0x00, 0x00, 0x00, 0x00, 0x00,
    0x00, 0x00, 0x00, 0x00, 0x61, 0x00, 0x00, 0x00, 0x00, 0x00, 0x00, 0x00, 0x00, 0x00, 0x4B, 0x00,
    0x00, 0x00, 0x00, 0x00, 0x00, 0x00, 0x00, 0x00, 0x0B, 0xA0, 0x00, 0x00, 0x00, 0x00, 0x00, 0x00,
    0x00, 0x00, 0x02, 0xF8, 0x00, 0x00, 0x00, 0x00, 0x00, 0x00, 0x00, 0x00, 0x00, 0x9F, 0x97, 0x87,
    0x78, 0x65, 0x31, 0x00, 0x00, 0x00, 0x00, 0x3F, 0xFF, 0xFF, 0xFF, 0xFF, 0xFF, 0xE0, 0x00, 0x00,
    0x00, 0x5F, 0xFF, 0xFF, 0xFF, 0xED, 0xCB, 0x90, 0x00, 0x00, 0x00, 0xBF, 0xFF, 0xF7, 0x53, 0x21,
    0x00, 0x00, 0x00, 0x00, 0x02, 0xFF, 0xFF, 0xF6, 0x00, 0x00, 0x00, 0x00, 0x00, 0x00, 0x07, 0xFF,
    0x98, 0xFE, 0x30, 0x00, 0x00, 0x00, 0x00, 0x00, 0x0D, 0xFF, 0x20, 0xBF, 0xC0, 0x00, 0x00, 0x00,
    0x00, 0x00, 0x2F, 0xF9, 0x00, 0x2E, 0xFA, 0x89, 0x9A, 0x20, 0x00, 0x00, 0x4F, 0xE2, 0x00, 0x06,
    0xFF, 0xFF, 0xC9, 0x10, 0x00, 0x00, 0x7F, 0x90, 0x00, 0x07, 0xFF, 0x60, 0x00, 0x00, 0x00, 0x00,
    0xBF, 0x20, 0x00, 0x0E, 0xC5, 0x80, 0x00, 0x00, 0x00, 0x00, 0xF9, 0x00, 0x00, 0x5F, 0x30, 0x20,
    0x00, 0x00, 0x00, 0x00, 0xA3, 0x00, 0x00, 0xBA, 0x00, 0x00, 0x00, 0x00, 0x00, 0x00, 0x00, 0x00,
    0x00, 0x00, 0x00, 0x00, 0x00, 0x00, 0x00, 0x00, 0x21, 0x00, 0x00, 0x00, 0x00, 0x00, 0x00, 0x00,
    0x00, 0x00, 0x18, 0x00, 0x00, 0x00, 0x00, 0x00, 0x00, 0x00, 0x00, 0x00, 0x08, 0x80, 0x00, 0x00,
    0x00, 0x00, 0x00, 0x00, 0x00, 0x00, 0x02, 0xF4, 0x00, 0x00, 0x00, 0x00, 0x00, 0x00, 0x00, 0x00,
    0x00, 0xAE, 0x20, 0x00, 0x00, 0x00, 0x00, 0x00, 0x00, 0x00, 0x00, 0x4F, 0xC7, 0x65, 0x43, 0x10,
    0x00, 0x00, 0x00, 0x00, 0x00, 0x1E, 0xFF, 0xFF, 0xFF, 0xEC, 0x95, 0x20, 0x00, 0x00, 0x00, 0x6F,
    0xFF, 0xFF, 0xFF, 0xFF, 0xFF, 0xF0, 0x00, 0x00, 0x00, 0xDF, 0xFF, 0xFA, 0x98, 0x87, 0x76, 0x60,
    0x00, 0x00, 0x05, 0xFF, 0xFF, 0xF4, 0x00, 0x00, 0x00, 0x00, 0x00, 0x00, 0x0C, 0xFF, 0x6A, 0xFC,
    0x00, 0x00, 0x00, 0x00, 0x00, 0x00, 0x4F, 0xFC, 0x02, 0xEF, 0x60, 0x00, 0x00, 0x00, 0x00, 0x00,
    0x8F, 0xF3, 0x00, 0x7F, 0xD3, 0x21, 0x00, 0x00, 0x00, 0x00, 0xCF, 0x80, 0x00, 0x0D, 0xFF, 0xFF,
    0xE9, 0x00, 0x00, 0x03, 0xFD, 0x00, 0x00, 0x1D, 0xFD, 0x86, 0x52, 0x00, 0x00, 0x07, 0xF4, 0x00,
    0x00, 0x7F, 0x9B, 0x00, 0x00, 0x00, 0x00, 0x0B, 0xB0, 0x00, 0x01, 0xEA, 0x03, 0x20, 0x00, 0x00,
    0x00, 0x03, 0x20, 0x00, 0x07, 0xD1, 0x00, 0x00, 0x00, 0x00, 0x00, 0x00, 0x00, 0x00, 0x00, 0x00,
    0x00, 0x00, 0x00, 0x00, 0x00, 0x00, 0x04, 0x10, 0x00, 0x00, 0x00, 0x00, 0x00, 0x00, 0x00, 0x00,
    0x04, 0x80, 0x00, 0x00, 0x00, 0x00, 0x00, 0x00, 0x00, 0x00, 0x00, 0xD4, 0x00, 0x00, 0x00, 0x00,
    0x00, 0x00, 0x00, 0x00, 0x00, 0x9D, 0x00, 0x00, 0x00, 0x00, 0x00, 0x00, 0x00, 0x00, 0x00, 0x3F,
    0x70, 0x00, 0x00, 0x00, 0x00, 0x00, 0x00, 0x00, 0x00, 0x0D, 0xF8, 0x53, 0x10, 0x00, 0x00, 0x00,
    0x00, 0x00, 0x00, 0x0C, 0xFF, 0xFF, 0xEC, 0xA5, 0x20, 0x00, 0x00, 0x00, 0x00, 0x7F, 0xFF, 0xFF,
    0xFF, 0xFF, 0xEA, 0x60, 0x00, 0x00, 0x02, 0xEF, 0xFF, 0xFC, 0xCD, 0xDE, 0xFF, 0xF0, 0x00, 0x00,
    0x09, 0xFF, 0xFF, 0xF2, 0x00, 0x11, 0x22, 0x20, 0x00, 0x00, 0x3F, 0xFF, 0x4C, 0xF8, 0x00, 0x00,
    0x00, 0x00, 0x00, 0x00, 0xAF, 0xF6, 0x05, 0xFE, 0x10, 0x00, 0x00, 0x00, 0x00, 0x01, 0xEF, 0xA0,
    0x00, 0xDF, 0x70, 0x00, 0x00, 0x00, 0x00, 0x07, 0xFC, 0x10, 0x00, 0x6F, 0xEB, 0x97, 0x51, 0x00,
    0x00, 0x0D, 0xF3, 0x00, 0x00, 0x6F, 0xFE, 0xEE, 0xD3, 0x00, 0x00, 0x4F, 0x60, 0x00, 0x01, 0xED,
    0xD4, 0x00, 0x00, 0x00, 0x00, 0x49, 0x00, 0x00, 0x0A, 0xE2, 0x35, 0x00, 0x00, 0x00, 0x00, 0x00,
    0x00, 0x00, 0x4F, 0x40, 0x00, 0x00, 0x00, 0x00, 0x00, 0x00, 0x00, 0x10, 0x00, 0x00, 0x00, 0x00,
    0x00, 0x00, 0x00, 0x00, 0x00, 0x60, 0x00, 0x00, 0x00, 0x00, 0x00, 0x00, 0x00, 0x00, 0x00, 0x85,
    0x00, 0x00, 0x00, 0x00, 0x00, 0x00, 0x00, 0x00, 0x00, 0x5C, 0x00, 0x00, 0x00, 0x00, 0x00, 0x00,
    0x00, 0x00, 0x00, 0x1F, 0x50, 0x00, 0x00, 0x00, 0x00, 0x00, 0x00, 0x00, 0x00, 0x0D, 0xD0, 0x00,
    0x00, 0x00, 0x00, 0x00, 0x00, 0x00, 0x00, 0x09, 0xFA, 0x52, 0x00, 0x00, 0x00, 0x00, 0x00, 0x00,
    0x00, 0x0C, 0xFF, 0xFE, 0xC8, 0x40, 0x00, 0x00, 0x00, 0x00, 0x00, 0x8F, 0xFF, 0xFF, 0xFF, 0xFC,
    0x71, 0x00, 0x00, 0x00, 0x04, 0xFF, 0xFF, 0xFD, 0xFF, 0xFF, 0xFE, 0x90, 0x00, 0x00, 0x1D, 0xFF,
    0xEF, 0xE2, 0x24, 0x68, 0xAC, 0xE0, 0x00, 0x00, 0x9F, 0xFC, 0x3E, 0xF4, 0x00, 0x00, 0x00, 0x00,
    0x00, 0x02, 0xFF, 0xD2, 0x09, 0xFA, 0x01, 0x00, 0x00, 0x00, 0x00, 0x09, 0xFE, 0x20, 0x04, 0xFE,
    0x10, 0x00, 0x00, 0x00, 0x00, 0x3F, 0xE3, 0x00, 0x00, 0xCF, 0xA5, 0x20, 0x00, 0x00, 0x00, 0xAF,
    0x50, 0x00, 0x01, 0xDF, 0xFF, 0xFD, 0x70, 0x00, 0x01, 0xE6, 0x00, 0x00, 0x0A, 0xFE, 0xA5, 0x67,
    0x50, 0x00, 0x00, 0x30, 0x00, 0x00, 0x6F, 0x72, 0x80, 0x00, 0x00, 0x00, 0x00, 0x00, 0x00, 0x02,
    0xF7, 0x00, 0x20, 0x00, 0x00, 0x00, 0x00, 0x00, 0x00, 0x11, 0x00, 0x00, 0x00, 0x00, 0x00, 0x00,
    0x00, 0x00, 0x00, 0x26, 0x00, 0x00, 0x00, 0x00, 0x00, 0x00, 0x00, 0x00, 0x00, 0x0B, 0x10, 0x00,
    0x00, 0x00, 0x00, 0x00, 0x00, 0x00, 0x00, 0x0B, 0x70, 0x00, 0x00, 0x00, 0x00, 0x00, 0x00, 0x00,
    0x00, 0x09, 0xD0, 0x00, 0x00, 0x00, 0x00, 0x00, 0x00, 0x00, 0x00, 0x06, 0xF3, 0x00, 0x00, 0x00,
    0x00, 0x00, 0x00, 0x00, 0x00, 0x04, 0xFC, 0x51, 0x00, 0x00, 0x00, 0x00, 0x00, 0x00, 0x00, 0x0B,
    0xFF, 0xFD, 0x94, 0x00, 0x00, 0x00, 0x00, 0x00, 0x00, 0xAF, 0xFF, 0xFF, 0xFF, 0xC6, 0x00, 0x00,
    0x00, 0x00, 0x07, 0xFF, 0xFF, 0xFF, 0xFF, 0xFF, 0xC5, 0x00, 0x00, 0x00, 0x5F, 0xFF, 0xDF, 0xD3,
    0x69, 0xCE, 0xFF, 0xD0, 0x00, 0x02, 0xFF, 0xF8, 0x3F, 0xF1, 0x00, 0x02, 0x58, 0xC0, 0x00, 0x0A,
    0xFF, 0x70, 0x0C, 0xF5, 0x00, 0x00, 0x00, 0x00, 0x00, 0x5F, 0xF6, 0x00, 0x09, 0xF9, 0x00, 0x00,
    0x00, 0x00, 0x01, 0xDF, 0x50, 0x00, 0x04, 0xFD, 0x30, 0x00, 0x00, 0x00, 0x08, 0xF4, 0x00, 0x00,
    0x06, 0xFF, 0xFD, 0x83, 0x00, 0x00, 0x05, 0x50, 0x00, 0x00, 0x5F, 0xEE, 0x9B, 0xDE, 0x20, 0x00,
    0x00, 0x00, 0x00, 0x04, 0xFB, 0x3A, 0x00, 0x01, 0x00, 0x00, 0x00, 0x00, 0x00, 0x1D, 0x90, 0x03,
    0x10, 0x00, 0x00, 0x00, 0x00, 0x00, 0x00, 0x02, 0x10, 0x00, 0x00, 0x00, 0x00, 0x00, 0x00, 0x00,
    0x00, 0x04, 0x50, 0x00, 0x00, 0x00, 0x00, 0x00, 0x00, 0x00, 0x00, 0x04, 0xA0, 0x00, 0x00, 0x00,
    0x00, 0x00, 0x00, 0x00, 0x00, 0x03, 0xD1, 0x00, 0x00, 0x00, 0x00, 0x00, 0x00, 0x00, 0x00, 0x02,
    0xF4, 0x00, 0x00, 0x00, 0x00, 0x00, 0x00, 0x00, 0x00, 0x01, 0xF9, 0x00, 0x00, 0x00, 0x00, 0x00,
    0x00, 0x00, 0x00, 0x02, 0xFE, 0x50, 0x00, 0x00, 0x00, 0x00, 0x00, 0x00, 0x00, 0x1B, 0xFF, 0xFC,
    0x61, 0x00, 0x00, 0x00, 0x00, 0x00, 0x01, 0xBF, 0xFF, 0xFF, 0xFD, 0x71, 0x00, 0x00, 0x00, 0x00,
    0x1B, 0xFF, 0xFF, 0xFF, 0xFF, 0xFC, 0x40, 0x00, 0x00, 0x01, 0xCF, 0xFE, 0xDF, 0xC5, 0xAE, 0xFF,
    0xF8, 0x10, 0x00, 0x09, 0xFF, 0xE3, 0x5F, 0xD0, 0x01, 0x59, 0xEF, 0xE0, 0x00, 0x5F, 0xFB, 0x20,
    0x2F, 0xE2, 0x00, 0x00, 0x14, 0xA0, 0x02, 0xEF, 0x80, 0x00, 0x1D, 0xF3, 0x00, 0x00, 0x00, 0x00,
    0x1C, 0xF6, 0x00, 0x00, 0x0B, 0xF6, 0x00, 0x00, 0x00, 0x00, 0x2C, 0x30, 0x00, 0x00, 0x2D, 0xFF,
    0xB4, 0x00, 0x00, 0x00, 0x00, 0x00, 0x00, 0x02, 0xDF, 0xFC, 0xEF, 0xD5, 0x00, 0x00, 0x00, 0x00,
    0x00, 0x3E, 0xD4, 0x95, 0x03, 0x74, 0x00, 0x00, 0x00, 0x00, 0x00, 0xBA, 0x10, 0x33, 0x00, 0x00,
    0x00, 0x00, 0x00, 0x00, 0x00, 0x00, 0x41, 0x00, 0x00, 0x00, 0x00, 0x00, 0x00, 0x00, 0x00, 0x00,
    0x72, 0x00, 0x00, 0x00, 0x00, 0x00, 0x00, 0x00, 0x00, 0x00, 0x95, 0x00, 0x00, 0x00, 0x00, 0x00,
    0x00, 0x00, 0x00, 0x00, 0xA8, 0x00, 0x00, 0x00, 0x00, 0x00, 0x00, 0x00, 0x00, 0x00, 0xBB, 0x00,
    0x00, 0x00, 0x00, 0x00, 0x00, 0x00, 0x00, 0x00, 0xBE, 0x00, 0x00, 0x00, 0x00, 0x00, 0x00, 0x00,
    0x00, 0x00, 0xCF, 0x60, 0x00, 0x00, 0x00, 0x00, 0x00, 0x00, 0x00, 0x2B, 0xFF, 0xFC, 0x40, 0x00,
    0x00, 0x00, 0x00, 0x00, 0x03, 0xDF, 0xFF, 0xFF, 0xF9, 0x20, 0x00, 0x00, 0x00, 0x00, 0x5E, 0xFF,
    0xFF, 0xFF, 0xFF, 0xE6, 0x00, 0x00, 0x00, 0x06, 0xFF, 0xFD, 0xCF, 0xC8, 0xEF, 0xFF, 0x90, 0x00,
    0x00, 0x4F, 0xFF, 0x91, 0x7F, 0xA0, 0x16, 0xCF, 0xFB, 0x20, 0x03, 0xEF, 0xD4, 0x00, 0x5F, 0xB0,
    0x00, 0x04, 0xAF, 0xF0, 0x2E, 0xF8, 0x10, 0x00, 0x4F, 0xC0, 0x00, 0x00, 0x02, 0x80, 0xAD, 0x30,
    0x00, 0x00, 0x2F, 0xD0, 0x00, 0x00, 0x00, 0x00, 0x21, 0x00, 0x00, 0x00, 0x8F, 0xFB, 0x30, 0x00,
    0x00, 0x00, 0x00, 0x00, 0x00, 0x1B, 0xFF, 0xEF, 0xFA, 0x30, 0x00, 0x00, 0x00, 0x00, 0x03, 0xDE,
    0x66, 0x92, 0x6C, 0xB0, 0x00, 0x00, 0x00, 0x00, 0x06, 0x91, 0x02, 0x50, 0x00, 0x00, 0x00, 0x00,
};

static_assert(sizeof(kIcon) == kRotations * kBytesPerRotation,
              "aircraft icon data size mismatch (aircraft_icon)");

}  // namespace data::aircraft_icon

namespace data::aircraft_icon_small {

const uint8_t kIcon[] = {
    0x00, 0x00, 0x00, 0x40, 0x00, 0x00, 0x00, 0x00, 0x00, 0x01, 0x80, 0x00, 0x00, 0x00, 0x00, 0x00,
    0x01, 0xB0, 0x00, 0x00, 0x00, 0x00, 0x00, 0x02, 0xD0, 0x00, 0x00, 0x00, 0x00, 0x00, 0x06, 0xF4,
    0x00, 0x00, 0x00, 0x00, 0x01, 0x9F, 0xFF, 0x81, 0x00, 0x00, 0x00, 0x5E, 0xFF, 0xFF, 0xFD, 0x30,
    0x00, 0x05, 0xFF, 0x97, 0xF6, 0xAF, 0xF4, 0x00, 0x6F, 0xB3, 0x04, 0xF2, 0x04, 0xCF, 0x60, 0xB4,
    0x00, 0x03, 0xF1, 0x00, 0x05, 0xB0, 0x00, 0x00, 0x1A, 0xF9, 0x00, 0x00, 0x00, 0x00, 0x05, 0xDC,
    0xCC, 0xC4, 0x00, 0x00, 0x00, 0x07, 0x40, 0x40, 0x56, 0x00, 0x00, 0x00, 0x00, 0x00, 0x32, 0x00,
    0x00, 0x00, 0x00, 0x00, 0x00, 0x63, 0x00, 0x00, 0x00, 0x00, 0x00, 0x00, 0xA4, 0x00, 0x00, 0x00,
    0x00, 0x00, 0x00, 0xD4, 0x00, 0x00, 0x00, 0x00, 0x00, 0x05, 0xF6, 0x00, 0x00, 0x00, 0x00, 0x04,
    0xBF, 0xFE, 0x70, 0x00, 0x00, 0x00, 0x9F, 0xFF, 0xFF, 0xFA, 0x10, 0x00, 0x2C, 0xFC, 0x68, 0xF7,
    0xDF, 0xB0, 0x00, 0xDB, 0x50, 0x07, 0xF0, 0x19, 0xFA, 0x00, 0x30, 0x00, 0x08, 0xD0, 0x00, 0x4E,
    0x90, 0x00, 0x00, 0x6E, 0xF3, 0x00, 0x01, 0x40, 0x00, 0x2B, 0xCB, 0xCE, 0x70, 0x00, 0x00, 0x00,
    0x13, 0x03, 0x22, 0xA2, 0x00, 0x00, 0x00, 0x00, 0x00, 0x03, 0x00, 0x00, 0x00, 0x00, 0x00, 0x00,
    0x27, 0x00, 0x00, 0x00, 0x00, 0x00, 0x00, 0x59, 0x00, 0x00, 0x00, 0x00, 0x00, 0x00, 0xA8, 0x00,
    0x00, 0x00, 0x00, 0x00, 0x04, 0xE8, 0x00, 0x00, 0x00, 0x00, 0x17, 0xCF, 0xFE, 0x50, 0x00, 0x00,
    0x05, 0xEF, 0xFE, 0xFF, 0xF6, 0x00, 0x00, 0xAF, 0xD8, 0x38, 0xF8, 0xFF, 0x50, 0x00, 0x94, 0x00,
    0x0A, 0xD0, 0x4D, 0xF2, 0x00, 0x00, 0x00, 0x0D, 0x90, 0x02, 0xCD, 0x10, 0x00, 0x15, 0xBF, 0xB0,
    0x00, 0x0A, 0x50, 0x00, 0x8B, 0x8B, 0xDB, 0x10, 0x00, 0x00, 0x00, 0x00, 0x04, 0x09, 0x80, 0x00,
    0x00, 0x00, 0x00, 0x00, 0x02, 0x20, 0x00, 0x00, 0x00, 0x00, 0x00, 0x06, 0x20, 0x00, 0x00, 0x00,
    0x00, 0x00, 0x1B, 0x10, 0x00, 0x00, 0x00, 0x00, 0x00, 0x6C, 0x00, 0x00, 0x00, 0x00, 0x00, 0x15,
    0xDA, 0x00, 0x00, 0x00, 0x00, 0x4A, 0xEF, 0xFE, 0x40, 0x00, 0x00, 0x3B, 0xFF, 0xEE, 0xFF, 0xE3,
    0x00, 0x00, 0xEC, 0x84, 0x19, 0xE9, 0xFE, 0x20, 0x00, 0x10, 0x00, 0x0D, 0xA0, 0x8F, 0xA0, 0x00,
    0x00, 0x00, 0x2F, 0x50, 0x07, 0xF5, 0x00, 0x01, 0x6B, 0xEF, 0x60, 0x00, 0x7D, 0x10, 0x01, 0x87,
    0x8B, 0xE5, 0x00, 0x03, 0x00, 0x00, 0x00, 0x21, 0x4D, 0x20, 0x00, 0x00, 0x00, 0x00, 0x00, 0x00,
    0x20, 0x00, 0x00, 0x00, 0x00, 0x00, 0x02, 0x60, 0x00, 0x00, 0x00, 0x00, 0x00, 0x09, 0x50, 0x00,
    0x00, 0x00, 0x00, 0x00, 0x2E, 0x20, 0x00, 0x00, 0x00, 0x00, 0x25, 0xCD, 0x00, 0x00, 0x00, 0x03,
    0x9D, 0xFF, 0xFE, 0x40, 0x00, 0x00, 0xBF, 0xFF, 0xCD, 0xFF, 0xD1, 0x00, 0x00, 0x75, 0x31, 0x0B,
    0xDB, 0xFB, 0x00, 0x00, 0x00, 0x00, 0x1F, 0x71, 0xCF, 0x40, 0x00, 0x00, 0x01, 0x7E, 0x10, 0x2E,
    0xC0, 0x00, 0x05, 0xCD, 0xFE, 0x10, 0x03, 0xF6, 0x00, 0x02, 0x32, 0x9B, 0xC0, 0x00, 0x57, 0x00,
    0x00, 0x00, 0x20, 0xB7, 0x00, 0x00, 0x00, 0x00, 0x00, 0x00, 0x00, 0x01, 0x00, 0x00, 0x00, 0x00,
    0x00, 0x00, 0x62, 0x00, 0x00, 0x00, 0x00, 0x00, 0x03, 0xA0, 0x00, 0x00, 0x00, 0x00, 0x00, 0x0C,
    0x60, 0x00, 0x00, 0x00, 0x02, 0x46, 0xAF, 0x10, 0x00, 0x00, 0x49, 0xEF, 0xFF, 0xFE, 0x30, 0x00,
    0x00, 0xDE, 0xCB, 0xAD, 0xFF, 0xC0, 0x00, 0x00, 0x00, 0x00, 0x0C, 0xDC, 0xF7, 0x00, 0x00, 0x00,
    0x00, 0x4F, 0x32, 0xFE, 0x10, 0x00, 0x02, 0x45, 0xCC, 0x00, 0x6F, 0x60, 0x00, 0x09, 0xCD, 0xFA,
    0x00, 0x0B, 0xD0, 0x00, 0x00, 0x03, 0x8E, 0x60, 0x01, 0xD3, 0x00, 0x00, 0x01, 0x03, 0xD1, 0x00,
    0x11, 0x00, 0x00, 0x00, 0x00, 0x00, 0x00, 0x00, 0x00, 0x00, 0x00, 0x00, 0x00, 0x15, 0x00, 0x00,
    0x00, 0x00, 0x00, 0x00, 0xA3, 0x00, 0x00, 0x00, 0x00, 0x00, 0x08, 0xB0, 0x00, 0x00, 0x00, 0x36,
    0x67, 0x9F, 0x40, 0x00, 0x00, 0xBE, 0xFF, 0xFF, 0xFF, 0x30, 0x00, 0x00, 0x77, 0x77, 0x7C, 0xFF,
    0xB0, 0x00, 0x00, 0x00, 0x00, 0x0D, 0xCD, 0xF4, 0x00, 0x00, 0x00, 0x00, 0x8F, 0x16, 0xFA, 0x00,
    0x00, 0x28, 0x99, 0xF7, 0x00, 0xCE, 0x10, 0x00, 0x16, 0x8D, 0xF5, 0x00, 0x3F, 0x50, 0x00, 0x00,
    0x05, 0x7D, 0x10, 0x09, 0xB0, 0x00, 0x00, 0x00, 0x0A, 0x70, 0x02, 0x50, 0x00, 0x00, 0x00, 0x00,
    0x00, 0x00, 0x00, 0x00, 0x00, 0x00, 0x00, 0x00, 0x03, 0x10, 0x00, 0x00, 0x00, 0x00, 0x00, 0x48,
    0x00, 0x00, 0x00, 0x00, 0x00, 0x03, 0xE2, 0x00, 0x00, 0x46, 0x8A, 0x99, 0x8E, 0x80, 0x00, 0x00,
    0xDF, 0xFF, 0xFF, 0xFF, 0x40, 0x00, 0x00, 0x01, 0x23, 0x5C, 0xFF, 0x90, 0x00, 0x00, 0x00, 0x00,
    0x1E, 0xCE, 0xE1, 0x00, 0x00, 0x11, 0x01, 0xDD, 0x09, 0xF6, 0x00, 0x00, 0x5C, 0xDD, 0xF3, 0x02,
    0xFA, 0x00, 0x00, 0x01, 0x4E, 0xE1, 0x00, 0xAE, 0x00, 0x00, 0x00, 0x13, 0xA9, 0x00, 0x2F, 0x30,
    0x00, 0x00, 0x00, 0x2C, 0x10, 0x09, 0x30, 0x00, 0x00, 0x00, 0x00, 0x00, 0x00, 0x00, 0x00, 0x00,
    0x00, 0x00, 0x00, 0x00, 0x20, 0x00, 0x00, 0x00, 0x00, 0x00, 0x08, 0x30, 0x00, 0x00, 0x00, 0x00,
    0x00, 0xB8, 0x00, 0x00, 0xBC, 0xDD, 0xCA, 0x8B, 0xC0, 0x00, 0x00, 0x69, 0xCE, 0xFF, 0xFF, 0x50,
    0x00, 0x00, 0x00, 0x01, 0x2C, 0xFF, 0x80, 0x00, 0x00, 0x00, 0x00, 0x4F, 0xBF, 0xD0, 0x00, 0x00,
    0x67, 0x44, 0xFA, 0x0D, 0xF3, 0x00, 0x00, 0x5A, 0xDF, 0xC0, 0x06, 0xF5, 0x00, 0x00, 0x00, 0x5D,
    0xB0, 0x01, 0xF7, 0x00, 0x00, 0x00, 0x21, 0xE3, 0x00, 0xBB, 0x00, 0x00, 0x00, 0x00, 0x86, 0x00,
    0x5B, 0x00, 0x00, 0x00, 0x00, 0x00, 0x00, 0x00, 0x00, 0x00, 0x00, 0x00, 0x00, 0x00, 0x00, 0x00,
    0x00, 0x00, 0x00, 0x00, 0x00, 0x03, 0x60, 0x00, 0x43, 0x33, 0x10, 0x00, 0x5C, 0x20, 0x00, 0xCF,
    0xFF, 0xEC, 0x89, 0xF3, 0x00, 0x00, 0x02, 0x6A, 0xEF, 0xFF, 0x70, 0x00, 0x00, 0x00, 0x00, 0x1C,
    0xFF, 0x70, 0x00, 0x00, 0x10, 0x00, 0x8F, 0xBF, 0xB0, 0x00, 0x00, 0xAC, 0x89, 0xF6, 0x1F, 0xE1,
    0x00, 0x00, 0x15, 0xDF, 0x70, 0x0B, 0xF2, 0x00, 0x00, 0x00, 0x6C, 0x70, 0x07, 0xF2, 0x00, 0x00,
    0x01, 0x05, 0xC0, 0x02, 0xF3, 0x00, 0x00, 0x00, 0x01, 0x90, 0x00, 0xD4, 0x00, 0x00, 0x00, 0x00,
    0x00, 0x00, 0x00, 0x00, 0x00, 0x00, 0x00, 0x00, 0x00, 0x00, 0x00, 0x00, 0x00, 0x00, 0x00, 0x00,
    0x00, 0x42, 0x00, 0xBB, 0x97, 0x41, 0x00, 0x1A, 0x70, 0x00, 0x4A, 0xFF, 0xFD, 0x97, 0xE9, 0x00,
    0x00, 0x00, 0x16, 0xBF, 0xFF, 0xA0, 0x00, 0x00, 0x00, 0x00, 0x0D, 0xFF, 0x70, 0x00, 0x00, 0x84,
    0x02, 0xCF, 0xBF, 0x90, 0x00, 0x00, 0x7D, 0xCD, 0xE3, 0x3F, 0xB0, 0x00, 0x00, 0x01, 0xEF, 0x20,
    0x1E, 0xC0, 0x00, 0x00, 0x02, 0x4D, 0x30, 0x0D, 0xC0, 0x00, 0x00, 0x00, 0x0B, 0x60, 0x0A, 0xC0,
    0x00, 0x00, 0x00, 0x04, 0x40, 0x07, 0xB0, 0x00, 0x00, 0x00, 0x00, 0x00, 0x00, 0x00, 0x00, 0x00,
    0x00, 0x00, 0x00, 0x00, 0x00, 0x00, 0x00, 0x43, 0x00, 0x00, 0x00, 0x00, 0x02, 0x00, 0x8E, 0xEB,
    0x72, 0x00, 0x04, 0x93, 0x00, 0x02, 0x9F, 0xFF, 0xA5, 0xAD, 0x30, 0x00, 0x00, 0x02, 0x8E, 0xFF,
    0xD1, 0x00, 0x00, 0x10, 0x00, 0x1D, 0xFF, 0x70, 0x00, 0x00, 0xCA, 0x35, 0xFD, 0xBF, 0x80, 0x00,
    0x00, 0x2A, 0xFF, 0xA1, 0x5F, 0x80, 0x00, 0x00, 0x03, 0xDC, 0x00, 0x4F, 0x90, 0x00, 0x00, 0x01,
    0x4C, 0x00, 0x3F, 0x70, 0x00, 0x00, 0x00, 0x1C, 0x00, 0x1F, 0x50, 0x00, 0x00, 0x00, 0x04, 0x00,
    0x0D, 0x40, 0x00, 0x00, 0x00, 0x00, 0x00, 0x00, 0x00, 0x00, 0x00, 0x00, 0x00, 0x00, 0x00, 0x00,
    0x00, 0x00, 0x5A, 0x62, 0x00, 0x00, 0x00, 0x00, 0x00, 0x28, 0xFF, 0xB5, 0x00, 0x00, 0x55, 0x10,
    0x00, 0x2B, 0xFF, 0xB5, 0x6C, 0x81, 0x00, 0x00, 0x00, 0x5D, 0xFF, 0xE5, 0x00, 0x00, 0x81, 0x00,
    0x3E, 0xFF, 0x70, 0x00, 0x00, 0x9D, 0x79, 0xFC, 0xCF, 0x60, 0x00, 0x00, 0x07, 0xFE, 0x60, 0x8F,
    0x50, 0x00, 0x00, 0x15, 0xC8, 0x00, 0x8F, 0x50, 0x00, 0x00, 0x00, 0x99, 0x00, 0x8F, 0x20, 0x00,
    0x00, 0x00, 0x67, 0x00, 0x8E, 0x00, 0x00, 0x00, 0x00, 0x11, 0x00, 0x7B, 0x00, 0x00, 0x00, 0x00,
    0x00, 0x00, 0x00, 0x00, 0x00, 0x00, 0x13, 0x00, 0x00, 0x00, 0x00, 0x00, 0x00, 0x2C, 0xD7, 0x20,
    0x00, 0x00, 0x00, 0x00, 0x00, 0xAF, 0xF8, 0x10, 0x00, 0x03, 0x10, 0x00, 0x05, 0xFF, 0xD5, 0x38,
    0xA5, 0x10, 0x10, 0x00, 0x2C, 0xFF, 0xFA, 0x20, 0x00, 0xD7, 0x01, 0x6E, 0xFF, 0x80, 0x00, 0x00,
    0x3D, 0xBD, 0xFB, 0xCF, 0x50, 0x00, 0x00, 0x08, 0xFB, 0x20, 0xBF, 0x30, 0x00, 0x00, 0x12, 0xD3,
    0x00, 0xCF, 0x20, 0x00, 0x00, 0x00, 0xD3, 0x00, 0xDD, 0x00, 0x00, 0x00, 0x00, 0x81, 0x00, 0xE8,
    0x00, 0x00, 0x00, 0x00, 0x00, 0x01, 0xE3, 0x00, 0x00, 0x00, 0x00, 0x00, 0x00, 0x00, 0x00, 0x00,
    0x00, 0x07, 0x60, 0x00, 0x00, 0x00, 0x00, 0x00, 0x04, 0xED, 0x60, 0x00, 0x00, 0x00, 0x00, 0x00,
    0x2D, 0xFB, 0x20, 0x00, 0x00, 0x00, 0x00, 0x01, 0xBF, 0xE5, 0x13, 0x76, 0x20, 0x91, 0x00, 0x0B,
    0xFF, 0xED, 0x71, 0x00, 0xAC, 0x33, 0x9F, 0xFF, 0xA1, 0x00, 0x00, 0x0C, 0xFF, 0xE9, 0xDF, 0x40,
    0x00, 0x00, 0x38, 0xF5, 0x00, 0xDF, 0x20, 0x00, 0x00, 0x02, 0xD0, 0x02, 0xFD, 0x00, 0x00, 0x00,
    0x04, 0xB0, 0x03, 0xF8, 0x00, 0x00, 0x00, 0x02, 0x30, 0x06, 0xF1, 0x00, 0x00, 0x00, 0x00, 0x00,
    0x08, 0xB0, 0x00, 0x00, 0x00, 0x01, 0x00, 0x00, 0x00, 0x00, 0x00, 0x00, 0x03, 0xD5, 0x00, 0x00,
    0x00, 0x00, 0x00, 0x00, 0x6F, 0xB3, 0x00, 0x00, 0x00, 0x00, 0x00, 0x06, 0xFE, 0x40, 0x00, 0x00,
    0x00, 0x30, 0x00, 0x7F, 0xF5, 0x00, 0x23, 0x20, 0xD6, 0x00, 0x0A, 0xFF, 0xCD, 0xA6, 0x10, 0x3E,
    0x77, 0xCF, 0xFF, 0xC4, 0x00, 0x00, 0x2C, 0xFE, 0xB8, 0xEF, 0x30, 0x00, 0x00, 0x27, 0xE1, 0x01,
    0xFD, 0x00, 0x00, 0x00, 0x07, 0xA0, 0x05, 0xF9, 0x00, 0x00, 0x00, 0x08, 0x50, 0x09, 0xF3, 0x00,
    0x00, 0x00, 0x01, 0x00, 0x0D, 0xA0, 0x00, 0x00, 0x00, 0x00, 0x00, 0x1E, 0x30, 0x00, 0x00, 0x00,
    0x00, 0x51, 0x00, 0x00, 0x00, 0x00, 0x00, 0x00, 0x9D, 0x30, 0x00, 0x00, 0x00, 0x00, 0x00, 0x0B,
    0xF7, 0x00, 0x00, 0x00, 0x00, 0x00, 0x01, 0xDF, 0x70, 0x00, 0x00, 0x00, 0xA1, 0x00, 0x3E, 0xF6,
    0x00, 0x00, 0x00, 0x8C, 0x00, 0x08, 0xFF, 0xAA, 0xA7, 0x30, 0x0D, 0xCB, 0xEF, 0xFF, 0xE8, 0x41,
    0x00, 0x4B, 0xFB, 0x87, 0xEF, 0x30, 0x00, 0x00, 0x09, 0xA0, 0x04, 0xFC, 0x00, 0x00, 0x00, 0x0C,
    0x40, 0x09, 0xF5, 0x00, 0x00, 0x00, 0x16, 0x00, 0x1E, 0xD1, 0x00, 0x00, 0x00, 0x00, 0x00, 0x4F,
    0x30, 0x00, 0x00, 0x00, 0x00, 0x00, 0xAA, 0x00, 0x00, 0x00, 0x00, 0x00, 0x49, 0x00, 0x00, 0x00,
    0x00, 0x00, 0x00, 0x1D, 0xA1, 0x00, 0x00, 0x00, 0x00, 0x00, 0x03, 0xFC, 0x10, 0x00, 0x00, 0x00,
    0x30, 0x00, 0x8F, 0xB0, 0x00, 0x00, 0x00, 0xA8, 0x00, 0x0C, 0xF8, 0x00, 0x00, 0x00, 0x1E, 0x41,
    0x28, 0xFF, 0x86, 0x65, 0x30, 0x3C, 0xFF, 0xFF, 0xFF, 0xFC, 0x85, 0x20, 0x3B, 0xD6, 0x56, 0xFF,
    0x30, 0x00, 0x00, 0x0D, 0x40, 0x07, 0xFA, 0x00, 0x00, 0x00, 0x4B, 0x00, 0x1D, 0xF2, 0x00, 0x00,
    0x00, 0x11, 0x00, 0x5F, 0x80, 0x00, 0x00, 0x00, 0x00, 0x00, 0xDB, 0x00, 0x00, 0x00, 0x00, 0x00,
    0x04, 0xE2, 0x00, 0x00, 0x00, 0x00, 0x00, 0x0B, 0x60, 0x00, 0x00, 0x00, 0x00, 0x00, 0x04, 0xF5,
    0x00, 0x00, 0x00, 0x00, 0x00, 0x00, 0xBF, 0x40, 0x00, 0x00, 0x00, 0x75, 0x00, 0x3F, 0xE1, 0x00,
    0x00, 0x00, 0x4D, 0x10, 0x09, 0xF9, 0x00, 0x00, 0x00, 0x0C, 0xA4, 0x47, 0xFF, 0x62, 0x11, 0x00,
    0x5C, 0xFF, 0xFF, 0xFF, 0xFD, 0xB8, 0x40, 0x0C, 0x82, 0x26, 0xFF, 0x41, 0x00, 0x00, 0x5D, 0x00,
    0x0A, 0xF8, 0x00, 0x00, 0x00, 0x64, 0x00, 0x4F, 0xD1, 0x00, 0x00, 0x00, 0x00, 0x00, 0xCE, 0x30,
    0x00, 0x00, 0x00, 0x00, 0x05, 0xF4, 0x00, 0x00, 0x00, 0x00, 0x00, 0x0C, 0x60, 0x00, 0x00, 0x00,
    0x00, 0x00, 0x03, 0xE2, 0x00, 0x00, 0x00, 0x00, 0x00, 0x00, 0xCC, 0x00, 0x00, 0x00, 0x00, 0x22,
    0x00, 0x4F, 0x90, 0x00, 0x00, 0x00, 0x3C, 0x00, 0x0D, 0xF3, 0x00, 0x00, 0x00, 0x0C, 0x60, 0x06,
    0xFB, 0x00, 0x00, 0x00, 0x3B, 0xE8, 0x78, 0xFF, 0x50, 0x00, 0x00, 0x2C, 0xED, 0xFF, 0xFF, 0xFD,
    0xA6, 0x30, 0x2E, 0x30, 0x07, 0xFF, 0x64, 0x43, 0x20, 0xA7, 0x00, 0x1D, 0xF6, 0x00, 0x00, 0x00,
    0x20, 0x00, 0x9F, 0xA0, 0x00, 0x00, 0x00, 0x00, 0x04, 0xFA, 0x10, 0x00, 0x00, 0x00, 0x00, 0x2E,
    0xA0, 0x00, 0x00, 0x00, 0x00, 0x00, 0x49, 0x00, 0x00, 0x00, 0x00, 0x00, 0x00, 0x00, 0x9A, 0x00,
    0x00, 0x00, 0x00, 0x00, 0x00, 0x3F, 0x40, 0x00, 0x00, 0x00, 0x08, 0x10, 0x0D, 0xE1, 0x00, 0x00,
    0x00, 0x0C, 0x50, 0x08, 0xF7, 0x00, 0x00, 0x00, 0x08, 0xB0, 0x03, 0xFD, 0x00, 0x00, 0x00, 0x4B,
    0xFD, 0xA8, 0xEF, 0x40, 0x00, 0x00, 0x0D, 0xB9, 0xDF, 0xFF, 0xFA, 0x52, 0x00, 0x9B, 0x00, 0x08,
    0xFF, 0x88, 0x97, 0x30, 0x81, 0x00, 0x4F, 0xF5, 0x00, 0x00, 0x00, 0x00, 0x02, 0xEF, 0x60, 0x00,
    0x00, 0x00, 0x00, 0x0C, 0xF6, 0x00, 0x00, 0x00, 0x00, 0x00, 0xAD, 0x30, 0x00, 0x00, 0x00, 0x00,
    0x00, 0x51, 0x00, 0x00, 0x00, 0x00, 0x00, 0x00, 0x00, 0x1E, 0x30, 0x00, 0x00, 0x00, 0x01, 0x10,
    0x0C, 0xB0, 0x00, 0x00, 0x00, 0x09, 0x60, 0x08, 0xF4, 0x00, 0x00, 0x00, 0x06, 0xB0, 0x04, 0xFA,
    0x00, 0x00, 0x00, 0x28, 0xE2, 0x01, 0xEE, 0x10, 0x00, 0x00, 0x1B, 0xFF, 0xDA, 0xEF, 0x40, 0x00,
    0x00, 0x4E, 0x65, 0xAE, 0xFF, 0xD6, 0x10, 0x00, 0xD5, 0x00, 0x09, 0xFF, 0xAC, 0xB7, 0x20, 0x10,
    0x00, 0x8F, 0xE4, 0x00, 0x12, 0x20, 0x00, 0x08, 0xFD, 0x30, 0x00, 0x00, 0x00, 0x00, 0x7F, 0xA2,
    0x00, 0x00, 0x00, 0x00, 0x03, 0xD5, 0x00, 0x00, 0x00, 0x00, 0x00, 0x00, 0x00, 0x00, 0x00, 0x00,
    0x00, 0x00, 0x00, 0x00, 0x07, 0xB0, 0x00, 0x00, 0x00, 0x02, 0x50, 0x05, 0xF2, 0x00, 0x00, 0x00,
    0x03, 0xC0, 0x02, 0xF9, 0x00, 0x00, 0x00, 0x02, 0xE0, 0x01, 0xFD, 0x00, 0x00, 0x00, 0x29, 0xF7,
    0x10, 0xCF, 0x20, 0x00, 0x00, 0x0C, 0xEF, 0xFB, 0xDF, 0x50, 0x00, 0x00, 0xBC, 0x22, 0x7E, 0xFF,
    0xC2, 0x00, 0x00, 0x70, 0x00, 0x0B, 0xFF, 0xDD, 0x92, 0x00, 0x00, 0x02, 0xCF, 0xD4, 0x02, 0x56,
    0x20, 0x00, 0x3E, 0xFA, 0x10, 0x00, 0x00, 0x00, 0x05, 0xFC, 0x50, 0x00, 0x00, 0x00, 0x00, 0x07,
    0x60, 0x00, 0x00, 0x00, 0x00, 0x00, 0x00, 0x00, 0x00, 0x00, 0x00, 0x00, 0x00, 0x00, 0x00, 0x00,
    0xD4, 0x00, 0x00, 0x00, 0x00, 0x92, 0x00, 0xE9, 0x00, 0x00, 0x00, 0x00, 0xC4, 0x00, 0xCE, 0x00,
    0x00, 0x00, 0x13, 0xD5, 0x00, 0xBF, 0x20, 0x00, 0x00, 0x08, 0xFC, 0x40, 0xAF, 0x40, 0x00, 0x00,
    0x4D, 0xAC, 0xFC, 0xDF, 0x60, 0x00, 0x00, 0xC6, 0x00, 0x4D, 0xFF, 0xA0, 0x00, 0x00, 0x10, 0x00,
    0x3C, 0xFF, 0xEC, 0x40, 0x00, 0x00, 0x06, 0xFF, 0xC4, 0x16, 0xA6, 0x10, 0x01, 0xBF, 0xE7, 0x00,
    0x00, 0x02, 0x10, 0x2C, 0xD6, 0x10, 0x00, 0x00, 0x00, 0x00, 0x03, 0x00, 0x00, 0x00, 0x00, 0x00,
    0x00, 0x00, 0x00, 0x00, 0x00, 0x00, 0x00, 0x00, 0x00, 0x12, 0x00, 0x7B, 0x00, 0x00, 0x00, 0x00,
    0x68, 0x00, 0x7E, 0x00, 0x00, 0x00, 0x00, 0x89, 0x00, 0x7F, 0x30, 0x00, 0x00, 0x15, 0xC9, 0x00,
    0x7F, 0x60, 0x00, 0x00, 0x07, 0xFF, 0x81, 0x7F, 0x60, 0x00, 0x00, 0xAD, 0x57, 0xFE, 0xCF, 0x70,
    0x00, 0x00, 0x71, 0x00, 0x1C, 0xFF, 0x90, 0x00, 0x00, 0x00, 0x00, 0x6D, 0xFF, 0xF7, 0x00, 0x00,
    0x00, 0x3C, 0xFF, 0xA3, 0x4B, 0xA2, 0x00, 0x29, 0xFF, 0xA4, 0x00, 0x00, 0x35, 0x10, 0x5A, 0x51,
    0x00, 0x00, 0x00, 0x00, 0x00, 0x00, 0x00, 0x00, 0x00, 0x00, 0x00, 0x00, 0x00, 0x00, 0x00, 0x00,
    0x00, 0x00, 0x00, 0x00, 0x05, 0x10, 0x0D, 0x40, 0x00, 0x00, 0x00, 0x1C, 0x10, 0x1F, 0x60, 0x00,
    0x00, 0x02, 0x4D, 0x00, 0x2F, 0x80, 0x00, 0x00, 0x02, 0xED, 0x00, 0x4F, 0xA0, 0x00, 0x00, 0x2A,
    0xEF, 0xC2, 0x5F, 0x90, 0x00, 0x00, 0xB8, 0x23, 0xDF, 0xCF, 0x90, 0x00, 0x00, 0x00, 0x00, 0x0C,
    0xFF, 0x80, 0x00, 0x00, 0x00, 0x03, 0x9E, 0xFF, 0xE3, 0x00, 0x00, 0x02, 0xAF, 0xFE, 0x94, 0x8D,
    0x50, 0x00, 0x9E, 0xEA, 0x62, 0x00, 0x02, 0x84, 0x00, 0x33, 0x00, 0x00, 0x00, 0x00, 0x01, 0x00,
    0x00, 0x00, 0x00, 0x00, 0x00, 0x00, 0x00, 0x00, 0x00, 0x00, 0x00, 0x00, 0x00, 0x00, 0x00, 0x04,
    0x60, 0x06, 0xB0, 0x00, 0x00, 0x00, 0x0A, 0x70, 0x09, 0xC0, 0x00, 0x00, 0x02, 0x5D, 0x40, 0x0C,
    0xD0, 0x00, 0x00, 0x01, 0xEF, 0x40, 0x1E, 0xD0, 0x00, 0x00, 0x8D, 0xBC, 0xF5, 0x2F, 0xC0, 0x00,
    0x00, 0x63, 0x00, 0x9F, 0xCF, 0xA0, 0x00, 0x00, 0x00, 0x00, 0x0B, 0xFF, 0x80, 0x00, 0x00, 0x00,
    0x26, 0xCF, 0xFF, 0xC0, 0x00, 0x00, 0x5A, 0xFF, 0xFD, 0x85, 0xCB, 0x00, 0x00, 0xBB, 0x75, 0x30,
    0x00, 0x08, 0x81, 0x00, 0x00, 0x00, 0x00, 0x00, 0x00, 0x32, 0x00, 0x00, 0x00, 0x00, 0x00, 0x00,
    0x00, 0x00, 0x00, 0x00, 0x00, 0x00, 0x00, 0x00, 0x00, 0x00, 0x00, 0xA1, 0x00, 0xC4, 0x00, 0x00,
    0x01, 0x04, 0xC0, 0x02, 0xF3, 0x00, 0x00, 0x00, 0x6C, 0x80, 0x06, 0xF3, 0x00, 0x00, 0x15, 0xDF,
    0x90, 0x0A, 0xF3, 0x00, 0x00, 0x9B, 0x77, 0xF8, 0x1E, 0xE1, 0x00, 0x00, 0x00, 0x00, 0x6F, 0xCF,
    0xC0, 0x00, 0x00, 0x00, 0x00, 0x1B, 0xFF, 0x80, 0x00, 0x00, 0x02, 0x7B, 0xFF, 0xFF, 0x90, 0x00,
    0x00, 0xDF, 0xFF, 0xEB, 0x77, 0xF5, 0x00, 0x00, 0x43, 0x22, 0x10, 0x00, 0x3C, 0x30, 0x00, 0x00,
    0x00, 0x00, 0x00, 0x01, 0x61, 0x00, 0x00, 0x00, 0x00, 0x00, 0x00, 0x00, 0x00, 0x00, 0x00, 0x00,
    0x00, 0x00, 0x00, 0x00, 0x00, 0x00, 0x78, 0x00, 0x4B, 0x00, 0x00, 0x00, 0x21, 0xD4, 0x00, 0xAB,
    0x00, 0x00, 0x00, 0x4E, 0xC0, 0x01, 0xF9, 0x00, 0x00, 0x5A, 0xDF, 0xD1, 0x06, 0xF7, 0x00, 0x00,
    0x46, 0x33, 0xEC, 0x1C, 0xF4, 0x00, 0x00, 0x00, 0x00, 0x2E, 0xDE, 0xE1, 0x00, 0x00, 0x00, 0x01,
    0x3B, 0xFF, 0x90, 0x00, 0x00, 0x7A, 0xDF, 0xFF, 0xFF, 0x60, 0x00, 0x00, 0xBC, 0xCC, 0xB9, 0x79,
    0xE1, 0x00, 0x00, 0x00, 0x00, 0x00, 0x00, 0x9A, 0x00, 0x00, 0x00, 0x00, 0x00, 0x00, 0x07, 0x40,
    0x00, 0x00, 0x00, 0x00, 0x00, 0x00, 0x20, 0x00, 0x00, 0x00, 0x00, 0x00, 0x00, 0x00, 0x00, 0x00,
    0x00, 0x1C, 0x10, 0x08, 0x40, 0x00, 0x00, 0x13, 0xAA, 0x00, 0x2E, 0x30, 0x00, 0x02, 0x4E, 0xF2,
    0x00, 0x9E, 0x00, 0x00, 0x4C, 0xCC, 0xF5, 0x02, 0xFC, 0x00, 0x00, 0x00, 0x00, 0xAF, 0x18, 0xF8,
    0x00, 0x00, 0x00, 0x00, 0x0D, 0xDE, 0xF2, 0x00, 0x00, 0x01, 0x34, 0x6B, 0xFF, 0xA0, 0x00, 0x00,
    0xDF, 0xFF, 0xFF, 0xFF, 0x50, 0x00, 0x00, 0x45, 0x78, 0x88, 0x7C, 0xA0, 0x00, 0x00, 0x00, 0x00,
    0x00, 0x01, 0xD4, 0x00, 0x00, 0x00, 0x00, 0x00, 0x00, 0x39, 0x00, 0x00, 0x00, 0x00, 0x00, 0x00,
    0x02, 0x20, 0x00, 0x00, 0x00, 0x00, 0x00, 0x00, 0x00, 0x00, 0x00, 0x01, 0x09, 0x80, 0x01, 0x50,
    0x00, 0x00, 0x04, 0x7E, 0x10, 0x08, 0xB0, 0x00, 0x17, 0x9D, 0xF7, 0x00, 0x2F, 0x50, 0x00, 0x17,
    0x88, 0xE9, 0x00, 0xBF, 0x20, 0x00, 0x00, 0x00, 0x6F, 0x35, 0xFC, 0x00, 0x00, 0x00, 0x00, 0x0C,
    0xDD, 0xF5, 0x00, 0x00, 0x78, 0x88, 0x9C, 0xFF, 0xC0, 0x00, 0x00, 0xBE, 0xFF, 0xFF, 0xFF, 0x40,
    0x00, 0x00, 0x00, 0x25, 0x56, 0x7F, 0x60, 0x00, 0x00, 0x00, 0x00, 0x00, 0x05, 0xD0, 0x00, 0x00,
    0x00, 0x00, 0x00, 0x00, 0x85, 0x00, 0x00, 0x00, 0x00, 0x00, 0x00, 0x15, 0x00, 0x00, 0x00, 0x00,
    0x00, 0x00, 0x00, 0x00, 0x00, 0x00, 0x01, 0x02, 0xD2, 0x00, 0x11, 0x00, 0x00, 0x02, 0x8D, 0x70,
    0x00, 0xC3, 0x00, 0x08, 0xCD, 0xFC, 0x00, 0x0A, 0xD0, 0x00, 0x01, 0x34, 0xAD, 0x10, 0x5F, 0x70,
    0x00, 0x00, 0x00, 0x2F, 0x62, 0xEE, 0x20, 0x00, 0x10, 0x00, 0x0B, 0xEC, 0xF8, 0x00, 0x00, 0xEE,
    0xDC, 0xBC, 0xFF, 0xD1, 0x00, 0x00, 0x48, 0xCF, 0xFF, 0xFF, 0x40, 0x00, 0x00, 0x00, 0x02, 0x35,
    0x8F, 0x20, 0x00, 0x00, 0x00, 0x00, 0x00, 0x0A, 0x80, 0x00, 0x00, 0x00, 0x00, 0x00, 0x02, 0xA0,
    0x00, 0x00, 0x00, 0x00, 0x00, 0x00, 0x53, 0x00, 0x00, 0x00, 0x00, 0x00, 0x00, 0x01, 0x00, 0x00,
    0x00, 0x00, 0x20, 0xA9, 0x00, 0x00, 0x00, 0x02, 0x43, 0x8B, 0xC1, 0x00, 0x47, 0x00, 0x03, 0xBD,
    0xFF, 0x20, 0x02, 0xE6, 0x00, 0x00, 0x01, 0x5F, 0x30, 0x1D, 0xD0, 0x00, 0x00, 0x00, 0x0E, 0x90,
    0xCF, 0x60, 0x00, 0x86, 0x32, 0x09, 0xEB, 0xFC, 0x00, 0x00, 0xBF, 0xFF, 0xDD, 0xFF, 0xE2, 0x00,
    0x00, 0x02, 0x8C, 0xFF, 0xFE, 0x50, 0x00, 0x00, 0x00, 0x00, 0x24, 0xAE, 0x00, 0x00, 0x00, 0x00,
    0x00, 0x00, 0x0D, 0x30, 0x00, 0x00, 0x00, 0x00, 0x00, 0x07, 0x70, 0x00, 0x00, 0x00, 0x00, 0x00,
    0x01, 0x70, 0x00, 0x00, 0x00, 0x00, 0x00, 0x00, 0x20, 0x00, 0x00, 0x00, 0x00, 0x11, 0x3D, 0x30,
    0x00, 0x00, 0x01, 0x87, 0x7B, 0xE6, 0x00, 0x03, 0x10, 0x00, 0x5A, 0xDF, 0x70, 0x00, 0x6D, 0x10,
    0x00, 0x00, 0x1E, 0x70, 0x06, 0xF5, 0x00, 0x10, 0x00, 0x0B, 0xC0, 0x7F, 0xB0, 0x00, 0xED, 0x95,
    0x28, 0xFA, 0xFE, 0x30, 0x00, 0x3A, 0xFF, 0xFE, 0xFF, 0xF4, 0x00, 0x00, 0x00, 0x39, 0xDF, 0xFE,
    0x50, 0x00, 0x00, 0x00, 0x00, 0x14, 0xCC, 0x00, 0x00, 0x00, 0x00, 0x00, 0x00, 0x3D, 0x00, 0x00,
    0x00, 0x00, 0x00, 0x00, 0x0B, 0x20, 0x00, 0x00, 0x00, 0x00, 0x00, 0x05, 0x40, 0x00, 0x00, 0x00,
    0x00, 0x00, 0x01, 0x20, 0x00, 0x00, 0x00, 0x10, 0x04, 0x08, 0xA0, 0x00, 0x00, 0x00, 0x6C, 0x9B,
    0xCC, 0x20, 0x00, 0x00, 0x00, 0x04, 0xAF, 0xC0, 0x00, 0x09, 0x50, 0x00, 0x00, 0x0B, 0xB0, 0x01,
    0xBD, 0x10, 0xA4, 0x10, 0x07, 0xE0, 0x3D, 0xF3, 0x00, 0xAF, 0xE9, 0x47, 0xF8, 0xEF, 0x70, 0x00,
    0x03, 0xDF, 0xFE, 0xFF, 0xF7, 0x00, 0x00, 0x00, 0x06, 0xBF, 0xFE, 0x60, 0x00, 0x00, 0x00, 0x00,
    0x04, 0xDA, 0x00, 0x00, 0x00, 0x00, 0x00, 0x00, 0x8A, 0x00, 0x00, 0x00, 0x00, 0x00, 0x00, 0x4A,
    0x00, 0x00, 0x00, 0x00, 0x00, 0x00, 0x17, 0x00, 0x00, 0x00, 0x00, 0x00, 0x00, 0x03, 0x00, 0x00,
    0x00, 0x00, 0x14, 0x02, 0x32, 0xA3, 0x00, 0x00, 0x00, 0x1B, 0xCB, 0xCE, 0x81, 0x00, 0x00, 0x00,
    0x00, 0x5D, 0xF4, 0x00, 0x01, 0x40, 0x40, 0x00, 0x06, 0xF0, 0x00, 0x4D, 0x90, 0xEC, 0x61, 0x04,
    0xF1, 0x18, 0xFA, 0x00, 0x2B, 0xFD, 0x76, 0xF8, 0xCF, 0xC0, 0x00, 0x00, 0x8F, 0xFF, 0xFF, 0xFB,
    0x10, 0x00, 0x00, 0x03, 0xAF, 0xFF, 0x80, 0x00, 0x00, 0x00, 0x00, 0x03, 0xF8, 0x00, 0x00, 0x00,
    0x00, 0x00, 0x00, 0xC6, 0x00, 0x00, 0x00, 0x00, 0x00, 0x00, 0x86, 0x00, 0x00, 0x00, 0x00, 0x00,
    0x00, 0x55, 0x00, 0x00, 0x00, 0x00, 0x00, 0x00, 0x23, 0x00, 0x00, 0x00, 0x00, 0x06, 0x50, 0x40,
    0x47, 0x00, 0x00, 0x00, 0x04, 0xCC, 0xCC, 0xD5, 0x00, 0x00, 0x00, 0x00, 0x09, 0xFA, 0x10, 0x00,
    0x00, 0xB5, 0x00, 0x01, 0xF3, 0x00, 0x04, 0xB0, 0x6F, 0xC4, 0x02, 0xF4, 0x03, 0xBF, 0x60, 0x04,
    0xFF, 0xA6, 0xF7, 0x9F, 0xF5, 0x00, 0x00, 0x3D, 0xFF, 0xFF, 0xFE, 0x50, 0x00, 0x00, 0x01, 0x8F,
    0xFF, 0x91, 0x00, 0x00, 0x00, 0x00, 0x04, 0xF6, 0x00, 0x00, 0x00, 0x00, 0x00, 0x00, 0xD2, 0x00,
    0x00, 0x00, 0x00, 0x00, 0x00, 0xB1, 0x00, 0x00, 0x00, 0x00, 0x00, 0x00, 0x81, 0x00, 0x00, 0x00,
    0x00, 0x00, 0x00, 0x40, 0x00, 0x00, 0x00, 0x00, 0x02, 0xA2, 0x23, 0x03, 0x10, 0x00, 0x00, 0x00,
    0x7E, 0xCB, 0xCB, 0x20, 0x00, 0x41, 0x00, 0x03, 0xFE, 0x60, 0x00, 0x00, 0x9E, 0x40, 0x00, 0xD8,
    0x00, 0x00, 0x30, 0x0A, 0xF9, 0x10, 0xF7, 0x00, 0x5B, 0xD0, 0x00, 0xBF, 0xD7, 0xF8, 0x6C, 0xFC,
    0x20, 0x00, 0x1A, 0xFF, 0xFF, 0xFF, 0x90, 0x00, 0x00, 0x00, 0x7E, 0xFF, 0xB4, 0x00, 0x00, 0x00,
    0x00, 0x06, 0xF5, 0x00, 0x00, 0x00, 0x00, 0x00, 0x04, 0xD0, 0x00, 0x00, 0x00, 0x00, 0x00, 0x04,
    0xA0, 0x00, 0x00, 0x00, 0x00, 0x00, 0x03, 0x60, 0x00, 0x00, 0x00, 0x00, 0x00, 0x02, 0x30, 0x00,
    0x00, 0x00, 0x00, 0x00, 0x89, 0x04, 0x00, 0x00, 0x00, 0x00, 0x00, 0x1B, 0xDB, 0x8B, 0x80, 0x00,
    0x5A, 0x00, 0x00, 0xBF, 0xB5, 0x10, 0x00, 0x1D, 0xC2, 0x00, 0x9D, 0x00, 0x00, 0x00, 0x02, 0xFD,
    0x40, 0xDA, 0x00, 0x04, 0x90, 0x00, 0x5F, 0xF8, 0xF8, 0x38, 0xDF, 0xA0, 0x00, 0x06, 0xFF, 0xFE,
    0xFF, 0xE5, 0x00, 0x00, 0x00, 0x5E, 0xFF, 0xC7, 0x10, 0x00, 0x00, 0x00, 0x08, 0xE4, 0x00, 0x00,
    0x00, 0x00, 0x00, 0x08, 0xA0, 0x00, 0x00, 0x00, 0x00, 0x00, 0x09, 0x50, 0x00, 0x00, 0x00, 0x00,
    0x00, 0x07, 0x20, 0x00, 0x00, 0x00, 0x00, 0x00, 0x03, 0x00, 0x00, 0x00, 0x00, 0x00, 0x00, 0x2D,
    0x41, 0x20, 0x00, 0x00, 0x03, 0x00, 0x05, 0xEB, 0x87, 0x81, 0x00, 0x1D, 0x70, 0x00, 0x6F, 0xEB,
    0x61, 0x00, 0x05, 0xF7, 0x00, 0x5F, 0x20, 0x00, 0x00, 0x00, 0xAF, 0x80, 0xAD, 0x00, 0x00, 0x10,
    0x00, 0x2E, 0xF9, 0xE9, 0x14, 0x8C, 0xE0, 0x00, 0x03, 0xEF, 0xFE, 0xEF, 0xFB, 0x30, 0x00, 0x00,
    0x4E, 0xFF, 0xEA, 0x40, 0x00, 0x00, 0x00, 0x0A, 0xD5, 0x10, 0x00, 0x00, 0x00, 0x00, 0x0C, 0x60,
    0x00, 0x00, 0x00, 0x00, 0x00, 0x1B, 0x10, 0x00, 0x00, 0x00, 0x00, 0x00, 0x26, 0x00, 0x00, 0x00,
    0x00, 0x00, 0x00, 0x22, 0x00, 0x00, 0x00, 0x00, 0x00, 0x00, 0x07, 0xB0, 0x20, 0x00, 0x00, 0x07,
    0x50, 0x00, 0xCB, 0x92, 0x32, 0x00, 0x06, 0xF3, 0x00, 0x1E, 0xFD, 0xC5, 0x00, 0x00, 0xCE, 0x20,
    0x1E, 0x71, 0x00, 0x00, 0x00, 0x4F, 0xC1, 0x7F, 0x10, 0x00, 0x00, 0x00, 0x0B, 0xFB, 0xDB, 0x01,
    0x35, 0x70, 0x00, 0x01, 0xDF, 0xFD, 0xCF, 0xFF, 0xB0, 0x00, 0x00, 0x4E, 0xFF, 0xFD, 0x93, 0x00,
    0x00, 0x00, 0x0D, 0xC5, 0x20, 0x00, 0x00, 0x00, 0x00, 0x2E, 0x20, 0x00, 0x00, 0x00, 0x00, 0x00,
    0x59, 0x00, 0x00, 0x00, 0x00, 0x00, 0x00, 0x62, 0x00, 0x00, 0x00, 0x00, 0x00, 0x00, 0x20, 0x00,
    0x00, 0x00, 0x00, 0x01, 0x10, 0x01, 0xD3, 0x01, 0x00, 0x00, 0x03, 0xD1, 0x00, 0x6E, 0x83, 0x00,
    0x00, 0x00, 0xDB, 0x00, 0x0A, 0xFD, 0xC9, 0x00, 0x00, 0x6F, 0x60, 0x0C, 0xC5, 0x42, 0x00, 0x00,
    0x1E, 0xF2, 0x3F, 0x40, 0x00, 0x00, 0x00, 0x07, 0xFC, 0xDC, 0x00, 0x00, 0x00, 0x00, 0x00, 0xCF,
    0xFD, 0xAB, 0xCE, 0xD0, 0x00, 0x00, 0x3E, 0xFF, 0xFF, 0xE9, 0x40, 0x00, 0x00, 0x1F, 0xA6, 0x42,
    0x00, 0x00, 0x00, 0x00, 0x6C, 0x00, 0x00, 0x00, 0x00, 0x00, 0x00, 0xA3, 0x00, 0x00, 0x00, 0x00,
    0x00, 0x02, 0x60, 0x00, 0x00, 0x00, 0x00, 0x00, 0x01, 0x00, 0x00, 0x00, 0x00, 0x00, 0x00, 0x52,
    0x00, 0x7A, 0x00, 0x00, 0x00, 0x00, 0xB9, 0x00, 0x1D, 0x75, 0x00, 0x00, 0x00, 0x5F, 0x30, 0x05,
    0xFD, 0x86, 0x10, 0x00, 0x1E, 0xC0, 0x07, 0xF9, 0x98, 0x20, 0x00, 0x0A, 0xF6, 0x1F, 0x80, 0x00,
    0x00, 0x00, 0x04, 0xFD, 0xCD, 0x00, 0x00, 0x00, 0x00, 0x00, 0xBF, 0xFC, 0x77, 0x77, 0x70, 0x00,
    0x00, 0x3F, 0xFF, 0xFF, 0xFE, 0xB0, 0x00, 0x00, 0x4F, 0x97, 0x66, 0x30, 0x00, 0x00, 0x00, 0xB8,
    0x00, 0x00, 0x00, 0x00, 0x00, 0x03, 0xA0, 0x00, 0x00, 0x00, 0x00, 0x00, 0x05, 0x10, 0x00, 0x00,
    0x00, 0x00, 0x00, 0x00, 0x00, 0x00, 0x00, 0x00, 0x00, 0x00, 0x39, 0x00, 0x1C, 0x20, 0x00, 0x00,
    0x00, 0x3F, 0x20, 0x09, 0xA3, 0x10, 0x00, 0x00, 0x0E, 0xA0, 0x01, 0xEE, 0x41, 0x00, 0x00, 0x0A,
    0xF2, 0x03, 0xFD, 0xDC, 0x50, 0x00, 0x06, 0xF9, 0x0D, 0xD1, 0x01, 0x10, 0x00, 0x01, 0xEE, 0xCE,
    0x10, 0x00, 0x00, 0x00, 0x00, 0x9F, 0xFC, 0x53, 0x21, 0x00, 0x00, 0x00, 0x4F, 0xFF, 0xFF, 0xFF,
    0xD0, 0x00, 0x00, 0x8E, 0x89, 0x9A, 0x86, 0x40, 0x00, 0x02, 0xE3, 0x00, 0x00, 0x00, 0x00, 0x00,
    0x08, 0x40, 0x00, 0x00, 0x00, 0x00, 0x00, 0x13, 0x00, 0x00, 0x00, 0x00, 0x00, 0x00, 0x00, 0x00,
    0x00, 0x00, 0x00, 0x00, 0x00, 0x0B, 0x50, 0x06, 0x80, 0x00, 0x00, 0x00, 0x0B, 0xB0, 0x03, 0xE1,
    0x20, 0x00, 0x00, 0x07, 0xF1, 0x00, 0xBD, 0x50, 0x00, 0x00, 0x05, 0xF6, 0x00, 0xCF, 0xDA, 0x50,
    0x00, 0x03, 0xFD, 0x0A, 0xF4, 0x47, 0x60, 0x00, 0x00, 0xDF, 0xBF, 0x40, 0x00, 0x00, 0x00, 0x00,
    0x8F, 0xFC, 0x21, 0x00, 0x00, 0x00, 0x00, 0x5F, 0xFF, 0xFE, 0xC9, 0x60, 0x00, 0x00, 0xCB, 0x8A,
    0xCD, 0xDC, 0xB0, 0x00, 0x08, 0xB0, 0x00, 0x00, 0x00, 0x00, 0x00, 0x38, 0x00, 0x00, 0x00, 0x00,
    0x00, 0x00, 0x20, 0x00, 0x00, 0x00, 0x00, 0x00, 0x00, 0x00, 0x00, 0x00, 0x00, 0x00, 0x00, 0x00,
    0x04, 0xD0, 0x00, 0x91, 0x00, 0x00, 0x00, 0x03, 0xF2, 0x00, 0xC5, 0x01, 0x00, 0x00, 0x02, 0xF7,
    0x00, 0x7C, 0x60, 0x00, 0x00, 0x02, 0xFB, 0x00, 0x7F, 0xD5, 0x10, 0x00, 0x01, 0xEF, 0x16, 0xF9,
    0x8C, 0xA0, 0x00, 0x00, 0xBF, 0xBF, 0x80, 0x00, 0x10, 0x00, 0x00, 0x7F, 0xFC, 0x10, 0x00, 0x00,
    0x00, 0x00, 0x7F, 0xFF, 0xEA, 0x62, 0x00, 0x00, 0x03, 0xF9, 0x8C, 0xEF, 0xFF, 0xC0, 0x00, 0x2C,
    0x50, 0x00, 0x13, 0x33, 0x40, 0x00, 0x63, 0x00, 0x00, 0x00, 0x00, 0x00, 0x00, 0x00, 0x00, 0x00,
    0x00, 0x00, 0x00, 0x00, 0x00, 0x00, 0x00, 0x00, 0x00, 0x00, 0x00, 0x00, 0xB7, 0x00, 0x44, 0x00,
    0x00, 0x00, 0x00, 0xCA, 0x00, 0x6B, 0x00, 0x00, 0x00, 0x00, 0xCD, 0x00, 0x3D, 0x42, 0x00, 0x00,
    0x00, 0xCE, 0x10, 0x2F, 0xE1, 0x00, 0x00, 0x00, 0xBF, 0x33, 0xED, 0xCD, 0x70, 0x00, 0x00, 0x9F,
    0xBF, 0xC2, 0x04, 0x80, 0x00, 0x00, 0x7F, 0xFD, 0x00, 0x00, 0x00, 0x00, 0x00, 0xAF, 0xFF, 0xB6,
    0x10, 0x00, 0x00, 0x09, 0xE7, 0x9D, 0xFF, 0xFA, 0x40, 0x00, 0x7A, 0x10, 0x01, 0x47, 0x9B, 0xB0,
    0x02, 0x40, 0x00, 0x00, 0x00, 0x00, 0x00, 0x00, 0x00, 0x00, 0x00, 0x00, 0x00, 0x00, 0x00, 0x00,
    0x00, 0x00, 0x00, 0x00, 0x00, 0x00, 0x00, 0x4D, 0x00, 0x04, 0x00, 0x00, 0x00, 0x00, 0x5F, 0x10,
    0x0C, 0x10, 0x00, 0x00, 0x00, 0x7F, 0x30, 0x0C, 0x41, 0x00, 0x00, 0x00, 0x9F, 0x40, 0x0C, 0xD3,
    0x00, 0x00, 0x00, 0x8F, 0x51, 0xAF, 0xFA, 0x20, 0x00, 0x00, 0x8F, 0xBD, 0xF5, 0x3A, 0xC0, 0x00,
    0x00, 0x7F, 0xFD, 0x10, 0x00, 0x10, 0x00, 0x01, 0xDF, 0xFE, 0x82, 0x00, 0x00, 0x00, 0x3D, 0xA5,
    0xAF, 0xFF, 0x92, 0x00, 0x03, 0x94, 0x00, 0x02, 0x7B, 0xEE, 0x80, 0x02, 0x00, 0x00, 0x00, 0x00,
    0x03, 0x40, 0x00, 0x00, 0x00, 0x00, 0x00, 0x00, 0x00, 0x00, 0x00, 0x00, 0x00, 0x00, 0x00, 0x00,
    0x00, 0x00, 0x0B, 0x70, 0x01, 0x10, 0x00, 0x00, 0x00, 0x0E, 0x80, 0x07, 0x60, 0x00, 0x00, 0x00,
    0x2F, 0x80, 0x09, 0x90, 0x00, 0x00, 0x00, 0x5F, 0x80, 0x08, 0xC5, 0x10, 0x00, 0x00, 0x5F, 0x80,
    0x6E, 0xF7, 0x00, 0x00, 0x00, 0x6F, 0xCC, 0xF9, 0x7D, 0x90, 0x00, 0x00, 0x7F, 0xFE, 0x30, 0x01,
    0x80, 0x00, 0x05, 0xEF, 0xFD, 0x50, 0x00, 0x00, 0x01, 0x8C, 0x65, 0xBF, 0xFB, 0x20, 0x00, 0x15,
    0x50, 0x00, 0x05, 0xBF, 0xF8, 0x20, 0x00, 0x00, 0x00, 0x00, 0x02, 0x6A, 0x50, 0x00, 0x00, 0x00,
    0x00, 0x00, 0x00, 0x00, 0x00, 0x00, 0x00, 0x00, 0x00, 0x00, 0x00, 0x00, 0x00, 0x03, 0xE1, 0x00,
    0x00, 0x00, 0x00, 0x00, 0x08, 0xE0, 0x01, 0x80, 0x00, 0x00, 0x00, 0x0D, 0xD0, 0x03, 0xD0, 0x00,
    0x00, 0x00, 0x2F, 0xC0, 0x03, 0xD2, 0x10, 0x00, 0x00, 0x3F, 0xB0, 0x2B, 0xF8, 0x00, 0x00, 0x00,
    0x5F, 0xCB, 0xFD, 0xBD, 0x30, 0x00, 0x00, 0x8F, 0xFE, 0x61, 0x07, 0xD0, 0x00, 0x2A, 0xFF, 0xFC,
    0x20, 0x00, 0x10, 0x15, 0xA8, 0x35, 0xDF, 0xF5, 0x00, 0x00, 0x13, 0x00, 0x00, 0x18, 0xFF, 0xA0,
    0x00, 0x00, 0x00, 0x00, 0x00, 0x27, 0xDC, 0x20, 0x00, 0x00, 0x00, 0x00, 0x00, 0x03, 0x10, 0x00,
    0x00, 0x00, 0x00, 0x00, 0x00, 0x00, 0x00, 0x00, 0x00, 0xB8, 0x00, 0x00, 0x00, 0x00, 0x00, 0x01,
    0xF6, 0x00, 0x32, 0x00, 0x00, 0x00, 0x08, 0xF3, 0x00, 0xB4, 0x00, 0x00, 0x00, 0x0D, 0xF2, 0x00,
    0xD2, 0x00, 0x00, 0x00, 0x2F, 0xD0, 0x05, 0xF8, 0x30, 0x00, 0x00, 0x4F, 0xD9, 0xEF, 0xFC, 0x00,
    0x00, 0x01, 0xAF, 0xFF, 0x93, 0x3C, 0xA0, 0x01, 0x7D, 0xEF, 0xFB, 0x00, 0x01, 0x90, 0x26, 0x73,
    0x15, 0xEF, 0xB1, 0x00, 0x00, 0x00, 0x00, 0x00, 0x2B, 0xFD, 0x20, 0x00, 0x00, 0x00, 0x00, 0x00,
    0x6D, 0xE4, 0x00, 0x00, 0x00, 0x00, 0x00, 0x00, 0x67, 0x00, 0x00, 0x00, 0x00, 0x00, 0x00, 0x00,
    0x00, 0x00, 0x00, 0x00, 0x3E, 0x10, 0x00, 0x00, 0x00, 0x00, 0x00, 0xAD, 0x00, 0x01, 0x00, 0x00,
    0x00, 0x03, 0xF9, 0x00, 0x58, 0x00, 0x00, 0x00, 0x09, 0xF5, 0x00, 0xA7, 0x00, 0x00, 0x00, 0x0D,
    0xF1, 0x01, 0xE7, 0x20, 0x00, 0x00, 0x3F, 0xE8, 0xBE, 0xFC, 0x20, 0x00, 0x04, 0xCF, 0xFF, 0xC7,
    0x7E, 0x30, 0x16, 0xAD, 0xCF, 0xFA, 0x00, 0x06, 0xD0, 0x23, 0x20, 0x05, 0xFF, 0x70, 0x00, 0x30,
    0x00, 0x00, 0x00, 0x4E, 0xF6, 0x00, 0x00, 0x00, 0x00, 0x00, 0x03, 0xBF, 0x60, 0x00, 0x00, 0x00,
    0x00, 0x00, 0x05, 0xD3, 0x00, 0x00, 0x00, 0x00, 0x00, 0x00, 0x01, 0x00, 0x00, 0x00, 0x00, 0x0A,
    0xA0, 0x00, 0x00, 0x00, 0x00, 0x00, 0x3F, 0x40, 0x00, 0x00, 0x00, 0x00, 0x01, 0xDE, 0x10, 0x06,
    0x10, 0x00, 0x00, 0x05, 0xF9, 0x00, 0x4C, 0x00, 0x00, 0x00, 0x0C, 0xF4, 0x00, 0xA9, 0x00, 0x00,
    0x00, 0x3F, 0xE7, 0x8B, 0xFB, 0x40, 0x01, 0x48, 0xEF, 0xFF, 0xEB, 0xCD, 0x00, 0x37, 0xAA, 0xAF,
    0xF8, 0x00, 0x0C, 0x80, 0x00, 0x00, 0x06, 0xFE, 0x30, 0x01, 0xA0, 0x00, 0x00, 0x00, 0x7F, 0xD1,
    0x00, 0x00, 0x00, 0x00, 0x00, 0x07, 0xFB, 0x00, 0x00, 0x00, 0x00, 0x00, 0x00, 0x3D, 0x90, 0x00,
    0x00, 0x00, 0x00, 0x00, 0x01, 0x50, 0x00, 0x00, 0x00, 0x00, 0x02, 0xE4, 0x00, 0x00, 0x00, 0x00,
    0x00, 0x0B, 0xD0, 0x00, 0x00, 0x00, 0x00, 0x00, 0x8F, 0x50, 0x01, 0x10, 0x00, 0x00, 0x02, 0xFD,
    0x10, 0x0B, 0x40, 0x00, 0x00, 0x0A, 0xF7, 0x00, 0x4D, 0x00, 0x00, 0x00, 0x3F, 0xF6, 0x56, 0xDB,
    0x30, 0x25, 0x8C, 0xFF, 0xFF, 0xFF, 0xFC, 0x30, 0x35, 0x66, 0x8F, 0xF8, 0x21, 0x4E, 0x10, 0x00,
    0x00, 0x08, 0xFC, 0x00, 0x08, 0xA0, 0x00, 0x00, 0x00, 0xBF, 0x80, 0x00, 0x30, 0x00, 0x00, 0x00,
    0x1C, 0xF3, 0x00, 0x00, 0x00, 0x00, 0x00, 0x01, 0xAD, 0x10, 0x00, 0x00, 0x00, 0x00, 0x00, 0x09,
    0x40, 0x00, 0x00, 0x00, 0x00, 0x00, 0x6C, 0x00, 0x00, 0x00, 0x00, 0x00, 0x04, 0xF5, 0x00, 0x00,
    0x00, 0x00, 0x00, 0x3E, 0xC0, 0x00, 0x00, 0x00, 0x00, 0x01, 0xDF, 0x40, 0x04, 0x60, 0x00, 0x00,
    0x08, 0xFA, 0x00, 0x0D, 0x50, 0x00, 0x01, 0x4F, 0xF6, 0x22, 0x8C, 0x00, 0x48, 0xBD, 0xFF, 0xFF,
    0xFF, 0xFC, 0x50, 0x01, 0x12, 0x6F, 0xF7, 0x44, 0xAC, 0x00, 0x00, 0x00, 0x09, 0xF9, 0x00, 0x1D,
    0x40, 0x00, 0x00, 0x01, 0xEF, 0x30, 0x05, 0x70, 0x00, 0x00, 0x00, 0x4F, 0xB0, 0x00, 0x00, 0x00,
    0x00, 0x00, 0x05, 0xF4, 0x00, 0x00, 0x00, 0x00, 0x00, 0x00, 0x6B, 0x00, 0x00, 0x00, 0x00, 0x00,
    0x00, 0x09, 0x40, 0x00, 0x00, 0x00, 0x00, 0x00, 0xAE, 0x20, 0x00, 0x00, 0x00, 0x00, 0x1A, 0xF4,
    0x00, 0x00, 0x00, 0x00, 0x00, 0xAF, 0x90, 0x00, 0x20, 0x00, 0x00, 0x06, 0xFD, 0x10, 0x07, 0xA0,
    0x23, 0x44, 0x6F, 0xF7, 0x00, 0x3E, 0x20, 0x36, 0xAD, 0xFF, 0xFF, 0xFD, 0xEC, 0x20, 0x00, 0x00,
    0x5F, 0xF8, 0x78, 0xEB, 0x30, 0x00, 0x00, 0x0B, 0xF6, 0x00, 0x6C, 0x00, 0x00, 0x00, 0x03, 0xFD,
    0x00, 0x0C, 0x30, 0x00, 0x00, 0x00, 0x9F, 0x40, 0x02, 0x20, 0x00, 0x00, 0x00, 0x0C, 0xC0, 0x00,
    0x00, 0x00, 0x00, 0x00, 0x02, 0xE3, 0x00, 0x00, 0x00, 0x00, 0x00, 0x00, 0x01, 0x50, 0x00, 0x00,
    0x00, 0x00, 0x00, 0x3D, 0xA0, 0x00, 0x00, 0x00, 0x00, 0x06, 0xFC, 0x00, 0x00, 0x00, 0x00, 0x00,
    0x6F, 0xE2, 0x00, 0x00, 0x00, 0x00, 0x05, 0xFF, 0x40, 0x01, 0x80, 0x37, 0x98, 0x8F, 0xF8, 0x00,
    0x0B, 0x90, 0x02, 0x5A, 0xFF, 0xFF, 0xD9, 0xBD, 0x00, 0x00, 0x00, 0x4F, 0xE8, 0xAD, 0xFB, 0x40,
    0x00, 0x00, 0x0D, 0xF3, 0x00, 0xB8, 0x00, 0x00, 0x00, 0x07, 0xF8, 0x00, 0x5C, 0x00, 0x00, 0x00,
    0x01, 0xED, 0x00, 0x18, 0x00, 0x00, 0x00, 0x00, 0x4F, 0x30, 0x00, 0x00, 0x00, 0x00, 0x00, 0x0A,
    0x90, 0x00, 0x00, 0x00, 0x00, 0x00, 0x00, 0x00, 0x00, 0x00, 0x00, 0x00, 0x00, 0x00, 0x05, 0xD3,
    0x00, 0x00, 0x00, 0x00, 0x02, 0xAF, 0x70, 0x00, 0x00, 0x00, 0x00, 0x3D, 0xF8, 0x00, 0x00, 0x22,
    0x10, 0x04, 0xEF, 0x80, 0x00, 0x10, 0x27, 0xBC, 0xAF, 0xF9, 0x00, 0x05, 0xD0, 0x00, 0x16, 0xDF,
    0xFE, 0xA5, 0x6E, 0x40, 0x00, 0x00, 0x4F, 0xEA, 0xDF, 0xFB, 0x10, 0x00, 0x00, 0x1E, 0xE1, 0x02,
    0xE8, 0x20, 0x00, 0x00, 0x0A, 0xF4, 0x00, 0xB6, 0x00, 0x00, 0x00, 0x04, 0xF8, 0x00, 0x69, 0x00,
    0x00, 0x00, 0x00, 0xBC, 0x00, 0x11, 0x00, 0x00, 0x00, 0x00, 0x3E, 0x10, 0x00, 0x00, 0x00, 0x00,
    0x00, 0x00, 0x00, 0x00, 0x00, 0x00, 0x00, 0x00, 0x00, 0x00, 0x67, 0x00, 0x00, 0x00, 0x00, 0x00,
    0x5C, 0xF5, 0x00, 0x00, 0x00, 0x00, 0x1A, 0xFE, 0x30, 0x00, 0x26, 0x52, 0x04, 0xDF, 0xC2, 0x00,
    0x00, 0x02, 0x9D, 0xDF, 0xFB, 0x00, 0x00, 0x70, 0x00, 0x02, 0xCF, 0xFE, 0x72, 0x2C, 0xB0, 0x00,
    0x00, 0x5F, 0xDB, 0xFF, 0xEC, 0x00, 0x00, 0x00, 0x2F, 0xC0, 0x17, 0xF9, 0x20, 0x00, 0x00, 0x0D,
    0xF1, 0x00, 0xE2, 0x00, 0x00, 0x00, 0x09, 0xF2, 0x00, 0xC3, 0x00, 0x00, 0x00, 0x02, 0xF5, 0x00,
    0x52, 0x00, 0x00, 0x00, 0x00, 0xB7, 0x00, 0x00, 0x00, 0x00, 0x00, 0x00, 0x00, 0x00, 0x00, 0x00,
    0x00, 0x00, 0x00, 0x00, 0x00, 0x03, 0x00, 0x00, 0x00, 0x00, 0x00, 0x16, 0xDC, 0x20, 0x12, 0x00,
    0x00, 0x07, 0xEF, 0xB1, 0x00, 0x16, 0xA6, 0x14, 0xCF, 0xF6, 0x00, 0x00, 0x00, 0x4C, 0xEF, 0xFC,
    0x30, 0x00, 0x10, 0x00, 0x00, 0xAF, 0xFD, 0x40, 0x06, 0xC0, 0x00, 0x00, 0x6F, 0xDC, 0xFC, 0xAD,
    0x40, 0x00, 0x00, 0x4F, 0xA0, 0x4C, 0xF8, 0x00, 0x00, 0x00, 0x2F, 0xB0, 0x05, 0xD3, 0x10, 0x00,
    0x00, 0x0E, 0xC0, 0x04, 0xC0, 0x00, 0x00, 0x00, 0x09, 0xE0, 0x02, 0x90, 0x00, 0x00, 0x00, 0x04,
    0xD0, 0x00, 0x00, 0x00, 0x00, 0x00, 0x00, 0x00, 0x00, 0x00, 0x00, 0x00, 0x00, 0x00, 0x00, 0x00,
    0x00, 0x00, 0x00, 0x00, 0x00, 0x00, 0x01, 0x5A, 0x50, 0x15, 0x30, 0x00, 0x04, 0xAF, 0xF9, 0x20,
    0x02, 0xAB, 0x43, 0xAF, 0xFC, 0x30, 0x00, 0x00, 0x07, 0xFF, 0xFD, 0x60, 0x00, 0x00, 0x00, 0x00,
    0x9F, 0xFC, 0x10, 0x01, 0x70, 0x00, 0x00, 0x7F, 0xCE, 0xF7, 0x5D, 0xA0, 0x00, 0x00, 0x6F, 0x71,
    0x8F, 0xF7, 0x00, 0x00, 0x00, 0x6F, 0x70, 0x09, 0xC5, 0x10, 0x00, 0x00, 0x3F, 0x70, 0x09, 0x80,
    0x00, 0x00, 0x00, 0x0E, 0x70, 0x08, 0x60, 0x00, 0x00, 0x00, 0x0B, 0x70, 0x02, 0x10, 0x00, 0x00,
    0x00, 0x00, 0x00, 0x00, 0x00, 0x00, 0x00, 0x00, 0x00, 0x00, 0x00, 0x00, 0x00, 0x01, 0x00, 0x00,
    0x00, 0x00, 0x03, 0x30, 0x04, 0x82, 0x00, 0x02, 0x6A, 0xEE, 0x90, 0x00, 0x5D, 0x84, 0x9E, 0xFF,
    0xA2, 0x00, 0x00, 0x03, 0xEF, 0xFE, 0x93, 0x00, 0x00, 0x00, 0x00, 0x8F, 0xFC, 0x00, 0x00, 0x00,
    0x00, 0x00, 0x9F, 0xCF, 0xD3, 0x28, 0xB0, 0x00, 0x00, 0x9F, 0x52, 0xCF, 0xEA, 0x20, 0x00, 0x00,
    0xAF, 0x40, 0x0D, 0xE2, 0x00, 0x00, 0x00, 0x8F, 0x20, 0x0D, 0x42, 0x00, 0x00, 0x00, 0x6F, 0x10,
    0x1C, 0x10, 0x00, 0x00, 0x00, 0x4D, 0x00, 0x15, 0x00, 0x00, 0x00, 0x00, 0x00, 0x00, 0x00, 0x00,
    0x00, 0x00, 0x00, 0x00, 0x00, 0x00, 0x00, 0x00, 0x02, 0x30, 0x00, 0x00, 0x00, 0x00, 0x00, 0x01,
    0x88, 0x00, 0x00, 0x35, 0x7B, 0xB0, 0x00, 0x0B, 0xC5, 0x8D, 0xFF, 0xFA, 0x50, 0x00, 0x00, 0xCF,
    0xFF, 0xC6, 0x20, 0x00, 0x00, 0x00, 0x8F, 0xFB, 0x00, 0x00, 0x00, 0x00, 0x00, 0xAF, 0xCF, 0x90,
    0x03, 0x60, 0x00, 0x00, 0xCF, 0x25, 0xFC, 0xBD, 0x80, 0x00, 0x00, 0xDE, 0x10, 0x4F, 0xE1, 0x00,
    0x00, 0x00, 0xDC, 0x00, 0x4D, 0x52, 0x00, 0x00, 0x00, 0xC9, 0x00, 0x7A, 0x00, 0x00, 0x00, 0x00,
    0xB6, 0x00, 0x64, 0x00, 0x00, 0x00, 0x00, 0x00, 0x00, 0x00, 0x00, 0x00, 0x00, 0x00, 0x00, 0x00,
    0x00, 0x00, 0x00, 0x01, 0x61, 0x00, 0x00, 0x00, 0x00, 0x00, 0x00, 0x3C, 0x30, 0x00, 0x12, 0x23,
    0x40, 0x00, 0x05, 0xF7, 0x7B, 0xEF, 0xFF, 0xD0, 0x00, 0x00, 0x9F, 0xFF, 0xFB, 0x72, 0x00, 0x00,
    0x00, 0x8F, 0xFB, 0x10, 0x00, 0x00, 0x00, 0x00, 0xCF, 0xCF, 0x60, 0x00, 0x00, 0x00, 0x01, 0xEE,
    0x18, 0xF7, 0x7B, 0x90, 0x00, 0x03, 0xFA, 0x00, 0x9F, 0xD5, 0x10, 0x00, 0x03, 0xF6, 0x00, 0x8C,
    0x60, 0x00, 0x00, 0x03, 0xF2, 0x00, 0xC4, 0x01, 0x00, 0x00, 0x04, 0xC0, 0x01, 0xA0, 0x00, 0x00,
    0x00, 0x00, 0x00, 0x00, 0x00, 0x00, 0x00, 0x00, 0x20, 0x00, 0x00, 0x00, 0x00, 0x00, 0x00, 0x47,
    0x00, 0x00, 0x00, 0x00, 0x00, 0x00, 0x0A, 0x90, 0x00, 0x00, 0x00, 0x00, 0x00, 0x01, 0xE9, 0x79,
    0xBC, 0xCC, 0xB0, 0x00, 0x00, 0x6F, 0xFF, 0xFF, 0xDA, 0x70, 0x00, 0x00, 0x9F, 0xFB, 0x31, 0x00,
    0x00, 0x00, 0x01, 0xEE, 0xDE, 0x20, 0x00, 0x00, 0x00, 0x04, 0xFC, 0x1C, 0xE3, 0x36, 0x40, 0x00,
    0x07, 0xF6, 0x01, 0xDF, 0xDA, 0x50, 0x00, 0x09, 0xF1, 0x00, 0xCE, 0x40, 0x00, 0x00, 0x0B, 0xA0,
    0x04, 0xD1, 0x20, 0x00, 0x00, 0x0B, 0x40, 0x08, 0x70, 0x00, 0x00, 0x00, 0x00, 0x00, 0x00, 0x00,
    0x00, 0x00, 0x00, 0x22, 0x00, 0x00, 0x00, 0x00, 0x00, 0x00, 0x09, 0x30, 0x00, 0x00, 0x00, 0x00,
    0x00, 0x04, 0xD1, 0x00, 0x00, 0x00, 0x00, 0x00, 0x00, 0xAC, 0x78, 0x88, 0x75, 0x40, 0x00, 0x00,
    0x5F, 0xFF, 0xFF, 0xFF, 0xD0, 0x00, 0x00, 0xAF, 0xFB, 0x64, 0x31, 0x00, 0x00, 0x02, 0xFE, 0xDD,
    0x00, 0x00, 0x00, 0x00, 0x08, 0xF8, 0x1F, 0xA0, 0x00, 0x00, 0x00, 0x0C, 0xF2, 0x05, 0xFC, 0xCC,
    0x40, 0x00, 0x0E, 0x90, 0x02, 0xFE, 0x42, 0x00, 0x00, 0x3E, 0x20, 0x0A, 0xA3, 0x10, 0x00, 0x00,
    0x48, 0x00, 0x1C, 0x10, 0x00, 0x00, 0x00, 0x00, 0x00, 0x00, 0x00, 0x00, 0x00, 0x00, 0x05, 0x10,
    0x00, 0x00, 0x00, 0x00, 0x00, 0x05, 0x80, 0x00, 0x00, 0x00, 0x00, 0x00, 0x00, 0xD5, 0x00, 0x00,
    0x00, 0x00, 0x00, 0x00, 0x6F, 0x76, 0x55, 0x20, 0x00, 0x00, 0x00, 0x4F, 0xFF, 0xFF, 0xFE, 0xB0,
    0x00, 0x00, 0xCF, 0xFC, 0x98, 0x88, 0x70, 0x00, 0x05, 0xFD, 0xDC, 0x00, 0x00, 0x00, 0x00, 0x0C,
    0xF5, 0x3F, 0x60, 0x00, 0x00, 0x00, 0x2F, 0xB0, 0x09, 0xE8, 0x87, 0x10, 0x00, 0x5F, 0x20, 0x07,
    0xFD, 0x97, 0x10, 0x00, 0xB8, 0x00, 0x1E, 0x74, 0x00, 0x00, 0x00, 0x51, 0x00, 0x89, 0x01, 0x00,
    0x00, 0x00, 0x01, 0x00, 0x00, 0x00, 0x00, 0x00, 0x00, 0x03, 0x50, 0x00, 0x00, 0x00, 0x00, 0x00,
    0x00, 0xA2, 0x00, 0x00, 0x00, 0x00, 0x00, 0x00, 0x8A, 0x00, 0x00, 0x00, 0x00, 0x00, 0x00, 0x2F,
    0x85, 0x32, 0x00, 0x00, 0x00, 0x00, 0x4F, 0xFF, 0xFF, 0xC8, 0x40, 0x00, 0x01, 0xDF, 0xFC, 0xBC,
    0xDE, 0xE0, 0x00, 0x08, 0xFC, 0xEB, 0x00, 0x00, 0x10, 0x00, 0x2E, 0xE2, 0x6F, 0x20, 0x00, 0x00,
    0x00, 0x7F, 0x50, 0x1D, 0xA4, 0x31, 0x00, 0x00, 0xDA, 0x00, 0x0C, 0xFD, 0xC8, 0x00, 0x03, 0xC0,
    0x00, 0x7D, 0x82, 0x00, 0x00, 0x01, 0x10, 0x02, 0xD2, 0x01, 0x00, 0x00, 0x00, 0x00, 0x20, 0x00,
    0x00, 0x00, 0x00, 0x00, 0x00, 0x71, 0x00, 0x00, 0x00, 0x00, 0x00, 0x00, 0x77, 0x00, 0x00, 0x00,
    0x00, 0x00, 0x00, 0x3D, 0x00, 0x00, 0x00, 0x00, 0x00, 0x00, 0x0E, 0xA4, 0x20, 0x00, 0x00, 0x00,
    0x00, 0x5E, 0xFF, 0xFC, 0x82, 0x00, 0x00, 0x02, 0xEF, 0xFD, 0xDF, 0xFF, 0xB0, 0x00, 0x0C, 0xFB,
    0xE9, 0x02, 0x36, 0x80, 0x00, 0x6F, 0xC0, 0x9E, 0x00, 0x00, 0x00, 0x00, 0xDD, 0x10, 0x3F, 0x51,
    0x00, 0x00, 0x06, 0xE2, 0x00, 0x2F, 0xFD, 0xB3, 0x00, 0x07, 0x40, 0x01, 0xCB, 0x83, 0x42, 0x00,
    0x00, 0x00, 0x09, 0xA0, 0x20, 0x00, 0x00, 0x00, 0x00, 0x21, 0x00, 0x00, 0x00, 0x00, 0x00, 0x00,
    0x45, 0x00, 0x00, 0x00, 0x00, 0x00, 0x00, 0x2B, 0x00, 0x00, 0x00, 0x00, 0x00, 0x00, 0x0D, 0x30,
    0x00, 0x00, 0x00, 0x00, 0x00, 0x0C, 0xC4, 0x10, 0x00, 0x00, 0x00, 0x00, 0x5E, 0xFF, 0xD9, 0x30,
    0x00, 0x00, 0x04, 0xFF, 0xFE, 0xFF, 0xFA, 0x30, 0x00, 0x3E, 0xFA, 0xF8, 0x25, 0x9D, 0xE0, 0x00,
    0xBF, 0x70, 0xCB, 0x00, 0x00, 0x10, 0x05, 0xF6, 0x00, 0x7E, 0x10, 0x00, 0x00, 0x1D, 0x60, 0x00,
    0x7F, 0xDA, 0x50, 0x00, 0x13, 0x00, 0x06, 0xEB, 0x77, 0x81, 0x00, 0x00, 0x00, 0x3D, 0x31, 0x10,
    0x00, 0x00, 0x00, 0x00, 0x03, 0x00, 0x00, 0x00, 0x00, 0x00, 0x00, 0x07, 0x10, 0x00, 0x00, 0x00,
    0x00, 0x00, 0x0A, 0x40, 0x00, 0x00, 0x00, 0x00, 0x00, 0x0A, 0x80, 0x00, 0x00, 0x00, 0x00, 0x00,
    0x0A, 0xD4, 0x00, 0x00, 0x00, 0x00, 0x00, 0x6E, 0xFF, 0xB6, 0x00, 0x00, 0x00, 0x07, 0xFF, 0xFE,
    0xFF, 0xD3, 0x00, 0x00, 0x7F, 0xE8, 0xF7, 0x49, 0xEF, 0xA0, 0x03, 0xFD, 0x30, 0xE7, 0x00, 0x14,
    0xA0, 0x1D, 0xB1, 0x00, 0xBB, 0x00, 0x00, 0x00, 0x59, 0x00, 0x00, 0xCF, 0xA4, 0x00, 0x00, 0x00,
    0x00, 0x2C, 0xCB, 0x9C, 0x60, 0x00, 0x00, 0x00, 0xA8, 0x04, 0x00, 0x10, 0x00, 0x00, 0x00, 0x03,
    0x20, 0x00, 0x00, 0x00, 0x00, 0x00, 0x05, 0x50, 0x00, 0x00, 0x00, 0x00, 0x00, 0x06, 0x80, 0x00,
    0x00, 0x00, 0x00, 0x00, 0x06, 0xC0, 0x00, 0x00, 0x00, 0x00, 0x00, 0x08, 0xF3, 0x00, 0x00, 0x00,
    0x00, 0x00, 0x8F, 0xFF, 0xA3, 0x00, 0x00, 0x00, 0x1B, 0xFF, 0xFF, 0xFF, 0x80, 0x00, 0x00, 0xCF,
    0xC8, 0xF6, 0x7D, 0xFB, 0x20, 0x0A, 0xF8, 0x11, 0xF4, 0x01, 0x6C, 0xE0, 0x9D, 0x40, 0x00, 0xF6,
    0x00, 0x00, 0x40, 0x41, 0x00, 0x04, 0xFD, 0x50, 0x00, 0x00, 0x00, 0x01, 0x8E, 0xCB, 0xCB, 0x10,
    0x00, 0x00, 0x03, 0xA2, 0x32, 0x04, 0x10, 0x00,
};

static_assert(sizeof(kIcon) == kRotations * kBytesPerRotation,
              "aircraft icon data size mismatch (aircraft_icon_small)");

}  // namespace data::aircraft_icon_small
